,influencer_pk,username,full_name,profile_pic_url,is_private,is_verified,_OS_CREATED_AT,OS_MERCHANT,OS_HANDLE,INFLUENCER_HANDLE,CODE
0,197605378,chelseaericasmith,ùêèùê´ùê® ùêèùê°ùê®ùê≠ùê®ùê† + ùêíùê¢ùêßùê†ùêûùê´/ùêíùê®ùêßùê†ùê∞ùê´ùê¢ùê≠ùêûùê´,https://scontent-bos5-1.cdninstagram.com/v/t51.2885-19/302006258_162649903021104_5990751735905678385_n.jpg?stp=dst-jpg_s150x150&efg=eyJybWQiOiJpZ19hbmRyb2lkX21vYmlsZV9uZXR3b3JrX3N0YWNrX2xpZ2VyX2NvbXBhdGlibGVfcXVpY19hbGxvd2xpc3RfMTpjb250cm9sIn0&_nc_ht=scontent-bos5-1.cdninstagram.com&_nc_cat=100&_nc_ohc=D-0Sx5KdZvUAX_rm5d7&edm=ALQROFkBAAAA&ccb=7-5&oh=00_AT_nLPan0OZHOgZA9ytWlnfHUWQdxQMm7ESPbFU4ehE8FA&oe=6341C488&_nc_sid=30a2ef,False,False,2022-10-21 11:05:17.701718,Kozy Couch,kozycouch,chelseaericasmith,CjGHDrcDZDb
0,7586351,kasey.moore_,Kasey Trione Moore,https://scontent-den4-1.cdninstagram.com/v/t51.2885-19/301891879_110858221749252_8881646243847079959_n.jpg?stp=dst-jpg_s150x150&_nc_ht=scontent-den4-1.cdninstagram.com&_nc_cat=100&_nc_ohc=M5bs2CDJnU0AX8KV7nY&edm=ALQROFkBAAAA&ccb=7-5&oh=00_AT-EPM6cn-jUF6iULW57-C3VQwlwLbCbuKGUYh256eZusw&oe=63412963&_nc_sid=30a2ef,False,False,2022-10-21 11:05:17.701718,Kozy Couch,kozycouch,kasey.moore_,Chzv7qQvhU7
0,4326349705,lovemilanmarie,Jovan and Milan Marie,https://scontent-bos5-1.cdninstagram.com/v/t51.2885-19/304931453_1073003253583377_187907089723826803_n.jpg?stp=dst-jpg_s150x150&_nc_ht=scontent-bos5-1.cdninstagram.com&_nc_cat=1&_nc_ohc=p2eK1cTSzeIAX_E8fGy&edm=APGXKFABAAAA&ccb=7-5&oh=00_AT9M8h4y1hyAL2ZjqZMYBe76ewvTFfN0OzuJ9XQUPEGapQ&oe=632726CF&_nc_sid=f0cd3e,False,True,2022-10-21 11:05:17.701718,Kozy Couch,kozycouch,lovemilanmarie,Cf63mvxDigc
0,34154580,adalynandmommy,,https://scontent-den4-1.cdninstagram.com/v/t51.2885-19/297092189_5645598828817703_1058843148562940158_n.jpg?stp=dst-jpg_s150x150&efg=eyJybWQiOiJpZ19hbmRyb2lkX21vYmlsZV9uZXR3b3JrX3N0YWNrX25vX3JldHJ5X3F1aWNfZGlzYWJsZWRfcXBsXzE6bW5zX25vX3JldHJ5In0&_nc_ht=scontent-den4-1.cdninstagram.com&_nc_cat=111&_nc_ohc=WOZt5ezcHpgAX_LveDl&edm=ALQROFkBAAAA&ccb=7-5&oh=00_AT-VQdrXjCbvVNXwmeXleV5lrXEmQ9lUsXa_JhscwDnKxw&oe=6340903C&_nc_sid=30a2ef,False,False,2022-10-21 11:05:17.701718,Kozy Couch,kozycouch,Adalynandmommy,CeOguBagMMl
0,192510145,themhoffers,C Y N D I ‚òÄÔ∏èüåª,https://scontent-ord5-1.cdninstagram.com/v/t51.2885-19/149231551_413375886417295_6639109328837235236_n.jpg?stp=dst-jpg_s150x150&_nc_ht=scontent-ord5-1.cdninstagram.com&_nc_cat=107&_nc_ohc=G3WyOWEtLUgAX9PkEiQ&edm=ALQROFkBAAAA&ccb=7-5&oh=00_AT9Rvsx6GBFFCv0T78iJufCngDh2pnTnS9_57iCRG-lZAg&oe=63423013&_nc_sid=30a2ef,False,False,2022-10-21 11:05:17.701718,Kozy Couch,kozycouch,themhoffers,CgAy3psgM5A
0,39574675970,princess.eva_,ÍßÅùê∏ùìãùí∂ ùí±ùíæùí∏ùìâùëúùìáùíæùí∂ÍßÇ,https://scontent-ord5-1.cdninstagram.com/v/t51.2885-19/308005085_794193985063957_4195324844046308076_n.jpg?stp=dst-jpg_s150x150&efg=eyJybWQiOiJpZ19hbmRyb2lkX21vYmlsZV9uZXR3b3JrX3N0YWNrX25vX2xpZ2VyX3JldHJ5X3FwbDpsaWdlcl9ub19yZXRyeSJ9&_nc_ht=scontent-ord5-1.cdninstagram.com&_nc_cat=101&_nc_ohc=03Gfwcx2ky8AX-LAunF&edm=ALQROFkBAAAA&ccb=7-5&oh=00_AT8JCYp5jO0WgmnPLYqDgfWdd5ACj5AJLIGtjNMv-Yp9LQ&oe=63424844&_nc_sid=30a2ef,False,False,2022-10-21 11:05:17.701718,Kozy Couch,kozycouch,princess.eva_,Chm3gcBJUoz
0,13484063,ashleymeghanpeters,Ashley | motherhood ‚Ä¢ unfiltered ‚Ä¢ content creator,https://scontent-den4-1.cdninstagram.com/v/t51.2885-19/309499845_781783439747180_6622538693966358112_n.jpg?stp=dst-jpg_s150x150&_nc_ht=scontent-den4-1.cdninstagram.com&_nc_cat=108&_nc_ohc=nz_wyNrEjW4AX9U7kWN&edm=APGXKFABAAAA&ccb=7-5&oh=00_AT_RK2yPRhbs4bKb4BM1v-AV7SXTKXRRqkavnZoHwrPK7A&oe=63416E51&_nc_sid=f0cd3e,False,False,2022-10-21 11:05:17.701718,Kozy Couch,kozycouch,ashleymeghanpeters,Cfg_lRgAqqi
0,25414093,vernsie_,alvernia,https://scontent-ord5-1.cdninstagram.com/v/t51.2885-19/293639383_411001740981447_176581034818504135_n.jpg?stp=dst-jpg_s150x150&_nc_ht=scontent-ord5-1.cdninstagram.com&_nc_cat=103&_nc_ohc=iZ6jwx0meEMAX_5O7Fb&edm=ALQROFkBAAAA&ccb=7-5&oh=00_AT9kCG-J55RswoKuiA1MQS6RIqNtpH2qIicpy_6BgVRvZQ&oe=634238E5&_nc_sid=30a2ef,False,False,2022-10-21 11:05:17.701718,Kozy Couch,kozycouch,vernsie_,CewKj2Oh0Bh
0,31743501,thehawkins.onthehill,Haley | thehawkinsonthehill,https://scontent-lga3-1.cdninstagram.com/v/t51.2885-19/116040750_572397493452104_8715092127816186473_n.jpg?stp=dst-jpg_s150x150&efg=eyJybWQiOiJpZ19hbmRyb2lkX21vYmlsZV9uZXR3b3JrX3N0YWNrX2xpZ2VyX2NvbXBhdGlibGVfcXVpY19hbGxvd2xpc3RfMTpsaWdlciJ9&_nc_ht=scontent-lga3-1.cdninstagram.com&_nc_cat=108&_nc_ohc=lDh5T9iDVF0AX8J2XbV&edm=ALQROFkBAAAA&ccb=7-5&oh=00_AT_QGiRpC-_2VNCO6Sf0NwqZuhYT_3pCRU7jPcSkGSxwEg&oe=6341730E&_nc_sid=30a2ef,False,False,2022-10-21 11:05:17.701718,Kozy Couch,kozycouch,thehawkins.onthehill,Ch4n0HnPzkF
0,2072114090,emersynpotter,Emersyn,https://scontent-den4-1.cdninstagram.com/v/t51.2885-19/285804389_186453470398269_7503399373647957098_n.jpg?stp=dst-jpg_s150x150&_nc_ht=scontent-den4-1.cdninstagram.com&_nc_cat=109&_nc_ohc=4k0tEZCMRcMAX8KBriq&edm=ALQROFkBAAAA&ccb=7-5&oh=00_AT_pW9ztsr9Es5WP1WFXVssyybNlRnmDCRaD8NqFRnxqlQ&oe=6340C7FC&_nc_sid=30a2ef,False,False,2022-10-21 11:05:17.701718,Kozy Couch,kozycouch,emersynpotter,Chp8RIIrbpA
0,4925205199,hypefam805,Fashion Influencer(s)‚ú®Formerly: @hypekids805,https://scontent-den4-1.cdninstagram.com/v/t51.2885-19/272730329_2077275622433099_2190423964211422061_n.jpg?stp=dst-jpg_s150x150&efg=eyJybWQiOiJpZ19hbmRyb2lkX21vYmlsZV9uZXR3b3JrX3N0YWNrX25vX3JldHJ5X3F1aWNfZGlzYWJsZWRfcXBsXzE6bW5zX25vX3JldHJ5In0&_nc_ht=scontent-den4-1.cdninstagram.com&_nc_cat=111&_nc_ohc=N3C1qv58tWIAX9hsaSZ&edm=ALQROFkBAAAA&ccb=7-5&oh=00_AT_m2d_BDKExkyXMs_4xOxscpkDd5dF04tx6GqkY0_hxdw&oe=6341BF79&_nc_sid=30a2ef,False,False,2022-10-21 11:05:17.701718,Kozy Couch,kozycouch,hypefam805,Cfoco0qF32o
0,9781612489,texasmadefamily,Brittney,https://scontent-bos5-1.cdninstagram.com/v/t51.2885-19/149290132_887864528658205_7137575130926159192_n.jpg?stp=dst-jpg_s150x150&_nc_ht=scontent-bos5-1.cdninstagram.com&_nc_cat=101&_nc_ohc=PAbWBD_W5NEAX8Ep8n7&edm=ALQROFkBAAAA&ccb=7-5&oh=00_AT8qIz1ZC6SL2bp7nAWvmrr2cK9dJHGV6vc0UeE9Ok1auw&oe=6340EB63&_nc_sid=30a2ef,False,False,2022-10-21 11:05:17.701718,Kozy Couch,kozycouch,texasmadefamily,CgScYL8p62x
0,9781612489,texasmadefamily,Brittney,https://scontent-den4-1.cdninstagram.com/v/t51.2885-19/149290132_887864528658205_7137575130926159192_n.jpg?stp=dst-jpg_s150x150&_nc_ht=scontent-den4-1.cdninstagram.com&_nc_cat=101&_nc_ohc=PAbWBD_W5NEAX9nW7i3&edm=ALQROFkBAAAA&ccb=7-5&oh=00_AT92nJ7YNhSSn7_UWjT8EfvMJGHqJf49dpBCWBhjzUufkg&oe=6340EB63&_nc_sid=30a2ef,False,False,2022-10-21 11:05:17.701718,Kozy Couch,kozycouch,texasmadefamily,CgSne6Jg7WE
0,40828641,alllisoonn,Allison B.,https://scontent-den4-1.cdninstagram.com/v/t51.2885-19/308132834_651784669528019_1989713867432960589_n.jpg?stp=dst-jpg_s150x150&_nc_ht=scontent-den4-1.cdninstagram.com&_nc_cat=1&_nc_ohc=tfoNmUevj74AX_zkxVj&edm=ALQROFkBAAAA&ccb=7-5&oh=00_AT_67yOUmvywfxLrzDsHnXSVxlOYcH8PzTLliPzxNCIrfg&oe=6340E8A4&_nc_sid=30a2ef,False,False,2022-10-21 11:05:17.701718,Kozy Couch,kozycouch,alllisoonn,CeWVgQzFPca
0,33226704559,a_piece_of_my_heaven,Mansoora,https://scontent-iad3-1.cdninstagram.com/v/t51.2885-19/292968544_453705586217280_5478148237916924399_n.jpg?stp=dst-jpg_s150x150&_nc_ht=scontent-iad3-1.cdninstagram.com&_nc_cat=100&_nc_ohc=QrDEmNVWC1UAX8VQTU4&edm=ALQROFkBAAAA&ccb=7-5&oh=00_AT-DytCzuAA4Qr5bSaoqyjZ6TXFmY4gfPuw8-0xX5DMxqw&oe=6341EAFB&_nc_sid=30a2ef,False,False,2022-10-21 11:05:17.701718,Kozy Couch,kozycouch,a_piece_of_my_heaven,ChnYCPwJG_e
0,256906288,mama_bear_wooten,JESSICA | Relaxed Homemaker üåø,https://scontent-ord5-1.cdninstagram.com/v/t51.2885-19/59989540_558017931401426_732133693077848064_n.jpg?stp=dst-jpg_s150x150&_nc_ht=scontent-ord5-1.cdninstagram.com&_nc_cat=102&_nc_ohc=XUp5yZTzVIMAX-0L3Bu&edm=ALQROFkBAAAA&ccb=7-5&oh=00_AT-M9s2I4-GoSTeOKTF4xy-WlaXV0RJqCkiVak90y-QAig&oe=634154F3&_nc_sid=30a2ef,False,False,2022-10-21 11:05:17.701718,Kozy Couch,kozycouch,mama_bear_wooten,Ce6WDsDgfNv
0,31584981,caroline.merritt19,Caroline Celeste Merritt,https://scontent-den4-1.cdninstagram.com/v/t51.2885-19/300029490_769989880871332_8756180810355189903_n.jpg?stp=dst-jpg_s150x150&_nc_ht=scontent-den4-1.cdninstagram.com&_nc_cat=104&_nc_ohc=PHbafMp7n04AX9wFmc8&edm=ALQROFkBAAAA&ccb=7-5&oh=00_AT8Ji7eJiYLIheKnsEiXPVjp_NSL8vuJQzbZca-C-bt3yw&oe=6341DD66&_nc_sid=30a2ef,False,False,2022-10-21 11:05:17.701718,Kozy Couch,kozycouch,caroline.merritt19,Chsnz5POD2n
0,31584981,caroline.merritt19,Caroline Celeste Merritt,https://scontent-msp1-1.cdninstagram.com/v/t51.2885-19/300029490_769989880871332_8756180810355189903_n.jpg?stp=dst-jpg_s150x150&_nc_ht=scontent-msp1-1.cdninstagram.com&_nc_cat=104&_nc_ohc=PHbafMp7n04AX9xcPNq&edm=ALQROFkBAAAA&ccb=7-5&oh=00_AT9U4BP9EXci7xVB3TjiXFl3E0W--OXPxXe33vODJ1IMyA&oe=6341DD66&_nc_sid=30a2ef,False,False,2022-10-21 11:05:17.701718,Kozy Couch,kozycouch,caroline.merritt19,ChsdzuVoCiM
0,6856159402,briellaandme,Briella+Me,https://scontent-lga3-2.cdninstagram.com/v/t51.2885-19/96580001_533842647281752_4237345185828175872_n.jpg?stp=dst-jpg_s150x150&efg=eyJybWQiOiJpZ19hbmRyb2lkX21vYmlsZV9uZXR3b3JrX3N0YWNrX2xpZ2VyX2NvbXBhdGlibGVfcXVpY19hbGxvd2xpc3RfMTpsaWdlciJ9&_nc_ht=scontent-lga3-2.cdninstagram.com&_nc_cat=104&_nc_ohc=cil7mkBnCl0AX_33ACr&edm=ALQROFkBAAAA&ccb=7-5&oh=00_AT-jkfhkzhDCaWxW6KB6TJ3WJBwJphHiAZx-v8WrRlPnHg&oe=63416757&_nc_sid=30a2ef,False,False,2022-10-21 11:05:17.701718,Kozy Couch,kozycouch,briellaandme,Ch7_L5wJVxQ
0,5486303847,iammaritzarod,"Maritza Rodriguez, MD ‚öïÔ∏è",https://scontent-den4-1.cdninstagram.com/v/t51.2885-19/296028384_1146500119551146_4685668419900727640_n.jpg?stp=dst-jpg_s150x150&_nc_ht=scontent-den4-1.cdninstagram.com&_nc_cat=102&_nc_ohc=Q6rYATeuyooAX_OyQTG&edm=ALQROFkBAAAA&ccb=7-5&oh=00_AT-eM3XLFVkIROeNhG1UlmHChTsNmvwprqxUmPH4ChP57g&oe=63412198&_nc_sid=30a2ef,False,False,2022-10-21 11:05:17.701718,Kozy Couch,kozycouch,iammaritzarod,Chpt0NwpF98
0,19198461,doranpoma,Doran // Haute Beauty Guide,https://scontent-lga3-1.cdninstagram.com/v/t51.2885-19/123860725_2766304956917422_7546958347500186044_n.jpg?stp=dst-jpg_s150x150&_nc_ht=scontent-lga3-1.cdninstagram.com&_nc_cat=110&_nc_ohc=P6oS_EFa7j0AX-rx_n6&edm=ALQROFkBAAAA&ccb=7-5&oh=00_AT9TFq7RvOTIvdkQK2Q_UaDl0okrj38JI6UiP5prpJb3bA&oe=63411BCE&_nc_sid=30a2ef,False,False,2022-10-21 11:05:17.701718,Kozy Couch,kozycouch,doranpoma,Ch3TQ8FJrsC
0,46817544,babybumpsandmombunss_,Cheyenne | Content Creator,https://scontent-lga3-1.cdninstagram.com/v/t51.2885-19/300760246_600885098203366_3308316678727534510_n.jpg?stp=dst-jpg_s150x150&_nc_ht=scontent-lga3-1.cdninstagram.com&_nc_cat=110&_nc_ohc=h26tMJSehR8AX_xJU1K&edm=ALQROFkBAAAA&ccb=7-5&oh=00_AT_rhm2HKFUz9IRWlNBlS1RAeMc1NDiyFb1xeAiIaP2owQ&oe=6340EA14&_nc_sid=30a2ef,False,False,2022-10-21 11:05:17.701718,Kozy Couch,kozycouch,babybumpsandmombunss_,CfzKdXbpRmp
0,2909489,ausomelyos,Sibrana Oquendo | motherhood,https://scontent-atl3-1.cdninstagram.com/v/t51.2885-19/300175595_1165941180629734_7350209151893382055_n.jpg?stp=dst-jpg_s150x150&efg=eyJybWQiOiJpZ19hbmRyb2lkX21vYmlsZV9uZXR3b3JrX3N0YWNrX2xpZ2VyX2NvbXBhdGlibGVfcXVpY19hbGxvd2xpc3RfMTpjb250cm9sIn0&_nc_ht=scontent-atl3-1.cdninstagram.com&_nc_cat=110&_nc_ohc=SPWMfQ-UOTkAX_-Q8Yb&edm=ALQROFkBAAAA&ccb=7-5&oh=00_AT81apvpHe22BiniHduFA925ukEGqsIx7d6zBlotT0lr7A&oe=63410B4F&_nc_sid=30a2ef,False,False,2022-10-21 11:05:17.701718,Kozy Couch,kozycouch,ausomelyos,CiLwGOvsq8w
0,4531665736,woodandgraceblog,Katie | Wood + Grace,https://scontent-den4-1.cdninstagram.com/v/t51.2885-19/127304278_833231214137871_2555359536310557272_n.jpg?stp=dst-jpg_s150x150&_nc_ht=scontent-den4-1.cdninstagram.com&_nc_cat=103&_nc_ohc=ktq_NkgvEUoAX9Ne0_S&edm=ALQROFkBAAAA&ccb=7-5&oh=00_AT9c6a8WiNxW2W14BcX4JvS7kwyd6TTIwxqa30SqDel1cw&oe=63422C4C&_nc_sid=30a2ef,False,True,2022-10-21 11:05:17.701718,Kozy Couch,kozycouch,woodandgraceblog,Ch3hTs2pQ2d
0,226794098,tori.mccain,Tori McCain ü¶ã,https://scontent-yyz1-1.cdninstagram.com/v/t51.2885-19/302447880_2271837842963955_2122819026823758266_n.jpg?stp=dst-jpg_s150x150&_nc_ht=scontent-yyz1-1.cdninstagram.com&_nc_cat=103&_nc_ohc=CFzAqEmUtwYAX83Rflg&edm=ALQROFkBAAAA&ccb=7-5&oh=00_AT8DbmTdSxohK9c9iZTFEFxzqPYuwapUcLJSaxiHmKJALQ&oe=63407E10&_nc_sid=30a2ef,False,False,2022-10-21 11:05:17.701718,Kozy Couch,kozycouch,tori.mccain,Ch43c5Hgm-b
0,178416595,mikandnick,Mikayla & Nick,https://scontent-yyz1-1.cdninstagram.com/v/t51.2885-19/241309452_415125360178506_4534903064607867041_n.jpg?stp=dst-jpg_s150x150&_nc_ht=scontent-yyz1-1.cdninstagram.com&_nc_cat=106&_nc_ohc=mqaPxHGAl5oAX_2o8mF&edm=ALQROFkBAAAA&ccb=7-5&oh=00_AT-GsL_Va0B5VmQI_3_UdVgKfNBmPGEXZ8edVxCXS_0Spg&oe=63409897&_nc_sid=30a2ef,False,False,2022-10-21 11:05:17.701718,Kozy Couch,kozycouch,mikandnick,Ch0uFifjwzs
0,31326362,kimberlie.kathleen,Kimberlie James,https://scontent-bos5-1.cdninstagram.com/v/t51.2885-19/298001871_807197916944405_4242012642856663169_n.jpg?stp=dst-jpg_s150x150&_nc_ht=scontent-bos5-1.cdninstagram.com&_nc_cat=105&_nc_ohc=9inh3RbUWOUAX_ctIwN&edm=ALQROFkBAAAA&ccb=7-5&oh=00_AT8XwaHHgKINu0IUhuFLLeFAh_xCldCHoJQ9Bb3uIv3J4w&oe=6342219F&_nc_sid=30a2ef,False,False,2022-10-21 11:05:17.701718,Kozy Couch,kozycouch,kimberlie.kathleen,Ch-AwX9g8U8
0,260571124,vanessa_amonn,Vanessa A‚Äômon | Ôº∑Ôº©Ôº¶Ôº• + Ôº≠Ôº°Ôº≠Ôº° ·É¶,https://scontent-msp1-1.cdninstagram.com/v/t51.2885-19/263525619_324344086182333_5158447592881977245_n.jpg?stp=dst-jpg_s150x150&_nc_ht=scontent-msp1-1.cdninstagram.com&_nc_cat=109&_nc_ohc=q9JzYcLxTKUAX81RE3q&edm=ALQROFkBAAAA&ccb=7-5&oh=00_AT_4lChX4jCdrGsSMeIRu2ojIpQPcWVEJrVo-odtCYbuOQ&oe=63418D07&_nc_sid=30a2ef,False,False,2022-10-21 11:05:17.701718,Kozy Couch,kozycouch,vanessa_amonn,Ch2RKvWgsPz
0,26349757,lifeasmrsbaker,gabrielle | life as mrs baker,https://scontent-den4-1.cdninstagram.com/v/t51.2885-19/283191793_1154419118744855_2073767791950314622_n.jpg?stp=dst-jpg_s150x150&_nc_ht=scontent-den4-1.cdninstagram.com&_nc_cat=111&_nc_ohc=qxx20baTh7wAX-5h1Af&edm=ALQROFkBAAAA&ccb=7-5&oh=00_AT8CnYtQ19fk8GOzZuu1kvufLg_c5Jxh9E80ptVmAoeC-g&oe=6340F2F4&_nc_sid=30a2ef,False,False,2022-10-21 11:05:17.701718,Kozy Couch,kozycouch,lifeasmrsbaker,CfzerTPpI7A
0,7300947891,robertsbarndolife,Colleen | HOME & LIFESTYLE,https://scontent-den4-1.cdninstagram.com/v/t51.2885-19/295976009_440409734635449_3245516939512724999_n.jpg?stp=dst-jpg_s150x150&efg=eyJybWQiOiJpZ19hbmRyb2lkX21vYmlsZV9uZXR3b3JrX3N0YWNrX2xpZ2VyX2NvbXBhdGlibGVfcXVpY19hbGxvd2xpc3RfMTpsaWdlciJ9&_nc_ht=scontent-den4-1.cdninstagram.com&_nc_cat=109&_nc_ohc=3nKH-U2EU2UAX8n0BL8&edm=ALQROFkBAAAA&ccb=7-5&oh=00_AT-e2xqnSSrgRyxCxBsnvbkvFmrm4bTaOInSlzdEdnT1Xg&oe=634077CA&_nc_sid=30a2ef,False,False,2022-10-21 11:05:17.701718,Kozy Couch,kozycouch,robertsbarndolife,CftfYJcOCiA
0,1519711952,_tomimariecook,Tomi Cook| Momblogger | Creator,https://scontent-lga3-1.cdninstagram.com/v/t51.2885-19/183838026_3612857812154283_2193498428415482382_n.jpg?stp=dst-jpg_s150x150&_nc_ht=scontent-lga3-1.cdninstagram.com&_nc_cat=103&_nc_ohc=QzPclSQ61vsAX9wbq_2&edm=ALQROFkBAAAA&ccb=7-5&oh=00_AT8QYX_ijG_92dp5qgblBj3pv52okXQpZcgTYgyFuXDtlg&oe=6340F2D2&_nc_sid=30a2ef,False,False,2022-10-21 11:05:17.701718,Kozy Couch,kozycouch,_tomimariecook,CeLmBFCOGUw
0,179360361,kallmesam_plustwo,Twin Mom Content Creator | Nicasha + Nuri & Zuri,https://scontent-ort2-2.cdninstagram.com/v/t51.2885-19/201260656_792134071469253_5322433206388643336_n.jpg?stp=dst-jpg_s150x150&_nc_ht=scontent-ort2-2.cdninstagram.com&_nc_cat=109&_nc_ohc=xfdBzkySXu8AX9-TsMG&edm=ALQROFkBAAAA&ccb=7-5&oh=00_AT9NZeySttFbpy_BVV5gi2WlHrCY76GNpSodlMqAIgNHYQ&oe=6340C278&_nc_sid=30a2ef,False,False,2022-10-21 11:05:17.701718,Kozy Couch,kozycouch,kallmesam_plustwo,Ciae16ODRBh
0,5360144012,mymountainretreat,Christy | Home & Lifestyle| NJ,https://scontent-den4-1.cdninstagram.com/v/t51.2885-19/286284949_528959115615925_8233553532285127139_n.jpg?stp=dst-jpg_s150x150&efg=eyJybWQiOiJpZ19hbmRyb2lkX21vYmlsZV9uZXR3b3JrX3N0YWNrX2xpZ2VyX2NvbXBhdGlibGVfcXVpY19hbGxvd2xpc3RfMTpsaWdlciJ9&_nc_ht=scontent-den4-1.cdninstagram.com&_nc_cat=101&_nc_ohc=qP7C0z3xjCcAX92E_pJ&edm=ALQROFkBAAAA&ccb=7-5&oh=00_AT8Lp8Re4QbX4Tc3iH1kc4LoZtIy2sEYjrviriPm_fPDKA&oe=634150CF&_nc_sid=30a2ef,False,False,2022-10-21 11:05:17.701718,Kozy Couch,kozycouch,mymountainretreat,ChzfcBbAPgp
0,8634573,tammymerecka,Tammy Merecka | Motherhood + Neutral Home Style,https://scontent-yyz1-1.cdninstagram.com/v/t51.2885-19/308337878_390822849879877_7744664325013415885_n.jpg?stp=dst-jpg_s150x150&_nc_ht=scontent-yyz1-1.cdninstagram.com&_nc_cat=1&_nc_ohc=mS9WqTnJvOMAX-JgTZ6&edm=APGXKFABAAAA&ccb=7-5&oh=00_AT8pYhLbTYrJLzneNfSKHv_1qQRGWK8H5Fwe9H6vZ_Dfww&oe=63415AD9&_nc_sid=f0cd3e,False,False,2022-10-21 11:05:17.701718,Kozy Couch,kozycouch,tammymerecka,Cg7R68LLl8-
0,8634573,tammymerecka,Tammy Merecka | Motherhood + Neutral Home Style,https://scontent-den4-1.cdninstagram.com/v/t51.2885-19/308337878_390822849879877_7744664325013415885_n.jpg?stp=dst-jpg_s150x150&_nc_ht=scontent-den4-1.cdninstagram.com&_nc_cat=1&_nc_ohc=mS9WqTnJvOMAX-OzMwi&edm=ALQROFkBAAAA&ccb=7-5&oh=00_AT-weuk2iwLWX6rqgCjnQi1tztJR0hMvC5xxllIf9So6pA&oe=63415AD9&_nc_sid=30a2ef,False,False,2022-10-21 11:05:17.701718,Kozy Couch,kozycouch,tammymerecka,Cf5NLitAaYF
0,5450160,britneylaurenamarin,Kids Fashion inspo | Britney Marin,https://scontent-lga3-1.cdninstagram.com/v/t51.2885-19/309235099_1154902975105832_1412532620054179852_n.jpg?stp=dst-jpg_s150x150&_nc_ht=scontent-lga3-1.cdninstagram.com&_nc_cat=108&_nc_ohc=ykzPWaameCAAX9gkk1e&edm=ALQROFkBAAAA&ccb=7-5&oh=00_AT_2SXv9wmn2g9Jr1hVAo7yxgOJxxLqbhrWgqRvpiGv-PQ&oe=6340AFDE&_nc_sid=30a2ef,False,False,2022-10-21 11:05:17.701718,Kozy Couch,kozycouch,britneylaurenamarin,Chz7ub1OP2j
0,338864068,ocjackieo,Jackie Ortiz,https://scontent-lga3-1.cdninstagram.com/v/t51.2885-19/70657801_554135208658421_6848799049710043136_n.jpg?stp=dst-jpg_s150x150&efg=eyJybWQiOiJpZ19hbmRyb2lkX21vYmlsZV9uZXR3b3JrX3N0YWNrX2xpZ2VyX2NvbXBhdGlibGVfcXVpY19hbGxvd2xpc3RfMTpjb250cm9sIn0&_nc_ht=scontent-lga3-1.cdninstagram.com&_nc_cat=105&_nc_ohc=RXsSF5QJDYoAX94gUWp&edm=ALQROFkBAAAA&ccb=7-5&oh=00_AT_oH0DAng8n4FnEV474HJscGbuIL__iU2FwpnBYYAWTPg&oe=63410C3B&_nc_sid=30a2ef,False,False,2022-10-21 11:05:17.701718,Kozy Couch,kozycouch,ocjackieo,Cgf1nm1FoJF
0,15273465,marisellabella,Marisella ‚ô•,https://scontent-lga3-1.cdninstagram.com/v/t51.2885-19/290174002_442761240633049_5589782952077543577_n.jpg?stp=dst-jpg_s150x150&_nc_ht=scontent-lga3-1.cdninstagram.com&_nc_cat=1&_nc_ohc=HHekWFo6ZE0AX-qOzbi&edm=ALQROFkBAAAA&ccb=7-5&oh=00_AT_T9QdcirMN2j2xTJY9IQ-5Aa7GETl3DDKgizbpxAMCnw&oe=6341C7D1&_nc_sid=30a2ef,False,False,2022-10-21 11:05:17.701718,Kozy Couch,kozycouch,marisellabella,CfuAZ4aDb10
0,18669003,messiboymom,JESSICA | RI Content Creator,https://scontent-lga3-1.cdninstagram.com/v/t51.2885-19/308916601_5299094983471534_753534858987435291_n.jpg?stp=dst-jpg_s150x150&_nc_ht=scontent-lga3-1.cdninstagram.com&_nc_cat=110&_nc_ohc=VXOwCubD3dkAX81vcyS&edm=ALQROFkBAAAA&ccb=7-5&oh=00_AT9xCavfOouHYchEDzx7B27MlmuOX9QL_lXvTCO7C4e-hQ&oe=6341D127&_nc_sid=30a2ef,False,False,2022-10-21 11:05:17.701718,Kozy Couch,kozycouch,messiboymom,Ch2JWzXMKU6
0,25215321,jamiesjoness,jamie spiker jones,https://scontent-ord5-1.cdninstagram.com/v/t51.2885-19/299046453_960053715392925_4668423117616848086_n.jpg?stp=dst-jpg_s150x150&_nc_ht=scontent-ord5-1.cdninstagram.com&_nc_cat=1&_nc_ohc=3Rmd5yxd4EkAX-rdPug&edm=ALQROFkBAAAA&ccb=7-5&oh=00_AT_iUaW52ai-ZzbdjRaY-dZRbxNza6mL8epoPJFajo6yQw&oe=634220C1&_nc_sid=30a2ef,False,False,2022-10-21 11:05:17.701718,Kozy Couch,kozycouch,jamiesjoness,Cf6gTbJD_tp
0,507837880,edenolivia.com_,Eden Olivia,https://scontent-yyz1-1.cdninstagram.com/v/t51.2885-19/296591092_164080142862124_4732986305011702024_n.jpg?stp=dst-jpg_s150x150&_nc_ht=scontent-yyz1-1.cdninstagram.com&_nc_cat=104&_nc_ohc=jCGiodt49SUAX-TFyPs&edm=ALQROFkBAAAA&ccb=7-5&oh=00_AT9Moy3OSe1wEnPh5dCwQtM7l7YlQM--YNqfOj6s-UNhNA&oe=6340B466&_nc_sid=30a2ef,False,False,2022-10-21 11:05:17.701718,Kozy Couch,kozycouch,edenolivia.com_,ChsGznLDlLg
0,1635100919,lyndseydickerson,Lyndsey Dickerson,https://scontent-den4-1.cdninstagram.com/v/t51.2885-19/305212824_1134884333774615_1537577060056975160_n.jpg?stp=dst-jpg_s150x150&_nc_ht=scontent-den4-1.cdninstagram.com&_nc_cat=111&_nc_ohc=hgZpokSCsUYAX8EX6fS&edm=ALQROFkBAAAA&ccb=7-5&oh=00_AT-Gdn9Cio-ZwijZx1g04NkbS4QKulkejD2FmBn3VorP8w&oe=63423E9A&_nc_sid=30a2ef,False,False,2022-10-21 11:05:17.701718,Kozy Couch,kozycouch,lyndseydickerson,Ch2mcsDhTbc
0,14394976,theregoesjonathan,J0nathan Aceved0,https://scontent-den4-1.cdninstagram.com/v/t51.2885-19/107168125_608209616764119_3302038256579594946_n.jpg?stp=dst-jpg_s150x150&_nc_ht=scontent-den4-1.cdninstagram.com&_nc_cat=103&_nc_ohc=L98w_CMqAGMAX8Oj0uv&edm=ALQROFkBAAAA&ccb=7-5&oh=00_AT_wUbbwT6ZhjGNAgWzMH2mpYNnBK0hLL_0n6vMq6gvQuA&oe=63419C80&_nc_sid=30a2ef,False,False,2022-10-21 11:05:17.701718,Jack Archer,jack.archer,theregoesjonathan,CiijoXUjGiz
0,14394976,theregoesjonathan,J0nathan Aceved0,https://scontent-bos5-1.cdninstagram.com/v/t51.2885-19/107168125_608209616764119_3302038256579594946_n.jpg?stp=dst-jpg_s150x150&_nc_ht=scontent-bos5-1.cdninstagram.com&_nc_cat=103&_nc_ohc=L98w_CMqAGMAX88C4OD&edm=ALQROFkBAAAA&ccb=7-5&oh=00_AT-p6-F5L72mQFViQ9tCGENo9rv00g_dOFETgkgDhkD3qQ&oe=63419C80&_nc_sid=30a2ef,False,False,2022-10-21 11:05:17.701718,Jack Archer,jack.archer,theregoesjonathan,CeeZ0wQOEFV
0,14394976,theregoesjonathan,J0nathan Aceved0,https://scontent-ord5-1.cdninstagram.com/v/t51.2885-19/107168125_608209616764119_3302038256579594946_n.jpg?stp=dst-jpg_s150x150&_nc_ht=scontent-ord5-1.cdninstagram.com&_nc_cat=103&_nc_ohc=L98w_CMqAGMAX9kTz3e&edm=ALQROFkBAAAA&ccb=7-5&oh=00_AT9t2rmgPVLb4ev7iGv5mAeO_nq-yyVqsdFGkLaxqmQZxg&oe=63419C80&_nc_sid=30a2ef,False,False,2022-10-21 11:05:17.701718,Jack Archer,jack.archer,theregoesjonathan,CiidyIBDcPk
0,45143802,tylraustin,,https://scontent-den4-1.cdninstagram.com/v/t51.2885-19/43075994_321184355100481_6080432295263600640_n.jpg?stp=dst-jpg_s150x150&efg=eyJybWQiOiJpZ19hbmRyb2lkX21vYmlsZV9uZXR3b3JrX3N0YWNrX2xpZ2VyX2NvbXBhdGlibGVfcXVpY19hbGxvd2xpc3RfMTptbnNfZGVmYXVsdCJ9&_nc_ht=scontent-den4-1.cdninstagram.com&_nc_cat=101&_nc_ohc=-N7Qlx8d2xgAX_IrGfq&edm=ALQROFkBAAAA&ccb=7-5&oh=00_AT8t6z5eUQ9WOLUnY-cj-QSfne3X5J8OkkkFEz49WLpp2g&oe=6341A3BB&_nc_sid=30a2ef,False,False,2022-10-21 11:05:17.701718,Jack Archer,jack.archer,tylraustin,CiUUFUqroYm
0,186389863,josie_ely,Josie Elysia | Content Creator | Musician,https://scontent-ord5-1.cdninstagram.com/v/t51.2885-19/235284319_1003430437139600_6412168202388935819_n.jpg?stp=dst-jpg_s150x150&_nc_ht=scontent-ord5-1.cdninstagram.com&_nc_cat=108&_nc_ohc=xrdwWS2_cCIAX_SGjkZ&edm=ALQROFkBAAAA&ccb=7-5&oh=00_AT8KqVX88KicqcD1zwH7u4YaYD8qadIdt5ulP2rCzv-iBw&oe=6341DA21&_nc_sid=30a2ef,False,False,2022-10-21 11:05:17.701718,Ecletticos,ecletticos,josie_ely,CichcTRDWbv
0,48615148552,soundslikemyexx,"Sounds like my ex, but ok",https://scontent-hou1-1.cdninstagram.com/v/t51.2885-19/272581767_659777535214342_3983857063196597746_n.jpg?stp=dst-jpg_s150x150&_nc_ht=scontent-hou1-1.cdninstagram.com&_nc_cat=110&_nc_ohc=DafWRdeJwAYAX8TOKfA&edm=ALQROFkBAAAA&ccb=7-5&oh=00_AT9TVJ6V0nlo7vOXJQCv4dfv6w7rUdB8IkBQywIEheTenQ&oe=6341375D&_nc_sid=30a2ef,False,False,2022-10-21 11:05:17.701718,Ecletticos,ecletticos,soundslikemyexx,CidmFpDvlpX
0,42013163472,satisfylagoon,satisfylagoon,https://scontent-ort2-2.cdninstagram.com/v/t51.2885-19/295877849_443569894315228_4727461261831534568_n.jpg?stp=dst-jpg_s150x150&_nc_ht=scontent-ort2-2.cdninstagram.com&_nc_cat=104&_nc_ohc=55hylYEqpzgAX-jwF11&edm=ALQROFkBAAAA&ccb=7-5&oh=00_AT_3MhPPGRRZ81CQwG0ZQ_Og9egTxb7NHmoHFKHBpd9Xag&oe=63424E5B&_nc_sid=30a2ef,False,False,2022-10-21 11:05:17.701718,Ecletticos,ecletticos,satisfylagoon,Ch-FIvfMcyK
0,11430288592,labor_nurse_christina,Christina | Labor and Delivery Nurse,https://scontent-hou1-1.cdninstagram.com/v/t51.2885-19/290160619_184129644041566_5103622486766716577_n.jpg?stp=dst-jpg_s150x150&efg=eyJybWQiOiJpZ19hbmRyb2lkX21vYmlsZV9uZXR3b3JrX3N0YWNrX25vX2xpZ2VyX3JldHJ5X3FwbDptbnNfbm9fcmV0cnkifQ&_nc_ht=scontent-hou1-1.cdninstagram.com&_nc_cat=110&_nc_ohc=0ryPdbASWMQAX8r2CyL&edm=ALQROFkBAAAA&ccb=7-5&oh=00_AT9xvHZ5kIIm-vOMW8E1A9SpXQj4dTvxjje4L3kTNzEWAw&oe=6340C8AC&_nc_sid=30a2ef,False,False,2022-10-21 11:05:17.701718,Necklow,necklowco,labor_nurse_christina,CibUzlUDcVW
0,13286002228,raisa.bullard,Raisa Bullard,https://scontent-lga3-2.cdninstagram.com/v/t51.2885-19/281253902_145584888040908_3556727638186866856_n.jpg?stp=dst-jpg_s150x150&efg=eyJybWQiOiJpZ19hbmRyb2lkX21vYmlsZV9uZXR3b3JrX3N0YWNrX2xpZ2VyX2NvbXBhdGlibGVfcXVpY19hbGxvd2xpc3RfMTpjb250cm9sIn0&_nc_ht=scontent-lga3-2.cdninstagram.com&_nc_cat=100&_nc_ohc=S4eIyouHrHwAX8EPCrx&edm=ALQROFkBAAAA&ccb=7-5&oh=00_AT_OHu2oqReEQh7Jf5W5uSVsHg1LjYdxZb6WBY6huB07qw&oe=6340CEAA&_nc_sid=30a2ef,False,False,2022-10-21 11:05:17.701718,Necklow,necklowco,raisa.bullard,Ciu-asWuBEu
0,649823084,happilyheatherj,Heather,https://scontent-den4-1.cdninstagram.com/v/t51.2885-19/255946921_302887478353304_4343168723312333183_n.jpg?stp=dst-jpg_s150x150&_nc_ht=scontent-den4-1.cdninstagram.com&_nc_cat=108&_nc_ohc=3HyK9jUKDyYAX9i-fTk&edm=ALQROFkBAAAA&ccb=7-5&oh=00_AT8i1i5uI2KURQRZ5jgj1xQy4jDIrm9Ylyh-4_i615iTSg&oe=634080AE&_nc_sid=30a2ef,False,False,2022-10-21 11:05:17.701718,Necklow,necklowco,happilyheatherj,CiNXFClMZPW
0,15671957891,sonabonds,Sona ü§ç,https://scontent-bos5-1.cdninstagram.com/v/t51.2885-19/295877241_5480506285340010_1676567314587070427_n.jpg?stp=dst-jpg_s150x150&_nc_ht=scontent-bos5-1.cdninstagram.com&_nc_cat=106&_nc_ohc=d_pNOBdbvR8AX_h2nx2&edm=ALQROFkBAAAA&ccb=7-5&oh=00_AT8MkdfR_okqTa81TMe0jdkjsm0yS2abWa_p5uCq3Qm25g&oe=63422847&_nc_sid=30a2ef,False,False,2022-10-21 11:05:17.701718,Necklow,necklowco,sonabonds,CixOl9vu2pS
0,196488089,peedi_c,ùêÜùê¢ùêßùêöùêåùêöùê´ùê¢ùêû üå±,https://scontent-den4-1.cdninstagram.com/v/t51.2885-19/128688093_430133011723269_2656732533292338531_n.jpg?stp=dst-jpg_s150x150&_nc_ht=scontent-den4-1.cdninstagram.com&_nc_cat=109&_nc_ohc=t5n6HR7LN9wAX9tU4h4&edm=APGXKFABAAAA&ccb=7-5&oh=00_AT9kHZlJn-s_y_76bKwFvxeNDk51MLhY1DrO97dx9DyYQw&oe=63416AA5&_nc_sid=f0cd3e,False,False,2022-10-21 11:05:17.701718,Necklow,necklowco,peedi_c,CiLIEbnrB2Q
0,3427096897,stylishpharmacist,Dr. Stephanieüá≠üáπ ‚Ä¢ ATL Blogger,https://scontent-den4-1.cdninstagram.com/v/t51.2885-19/91293404_1090934057907189_6525491503853207552_n.jpg?stp=dst-jpg_s150x150&_nc_ht=scontent-den4-1.cdninstagram.com&_nc_cat=109&_nc_ohc=W_g8DCN-JHgAX82wDlj&edm=ALQROFkBAAAA&ccb=7-5&oh=00_AT_U5ppv4QR9cZuKFwUOaimZrtNiLKfyTtG3wV7XZClB-w&oe=63414C2A&_nc_sid=30a2ef,False,False,2022-10-21 11:05:17.701718,Necklow,necklowco,stylishpharmacist,CiL8eA6Pvpu
0,9249874975,avaireland729,Ava Ireland,https://scontent-ord5-1.cdninstagram.com/v/t51.2885-19/309782104_1588958781522767_6503458565834513116_n.jpg?stp=dst-jpg_s150x150&_nc_ht=scontent-ord5-1.cdninstagram.com&_nc_cat=111&_nc_ohc=deUrgzROgkAAX_EnFKj&edm=ALQROFkBAAAA&ccb=7-5&oh=00_AT-29ab_hYGZD8Da1BhrotRE4Gy2ElGkxcYcSst3x9j26A&oe=634130F6&_nc_sid=30a2ef,False,False,2022-10-21 11:05:17.701718,Necklow,necklowco,avaireland729,Cicwt7gsxgw
0,9249874975,avaireland729,Ava Ireland,https://scontent-bos5-1.cdninstagram.com/v/t51.2885-19/309782104_1588958781522767_6503458565834513116_n.jpg?stp=dst-jpg_s150x150&_nc_ht=scontent-bos5-1.cdninstagram.com&_nc_cat=111&_nc_ohc=deUrgzROgkAAX9oduXw&edm=ALQROFkBAAAA&ccb=7-5&oh=00_AT9ipKuZBo5wZgEZw4AftIM8gyEzMppdAZbm7ruQTU4f6Q&oe=634130F6&_nc_sid=30a2ef,False,False,2022-10-21 11:05:17.701718,Necklow,necklowco,avaireland729,Cicxs25OfwZ
0,9249874975,avaireland729,Ava Ireland,https://scontent-den4-1.cdninstagram.com/v/t51.2885-19/309782104_1588958781522767_6503458565834513116_n.jpg?stp=dst-jpg_s150x150&_nc_ht=scontent-den4-1.cdninstagram.com&_nc_cat=111&_nc_ohc=deUrgzROgkAAX-IfThA&edm=ALQROFkBAAAA&ccb=7-5&oh=00_AT9neFhKYfHByJxlleR8jQy2gcnlXxenvK8lrHAUZZQZrA&oe=634130F6&_nc_sid=30a2ef,False,False,2022-10-21 11:05:17.701718,Necklow,necklowco,avaireland729,CipuTy1vBcH
0,32841679,christinadahlmusic,Christina Dahl,https://scontent-lax3-1.cdninstagram.com/v/t51.2885-19/287271111_446109454016510_8161178749315965272_n.jpg?stp=dst-jpg_s150x150&_nc_ht=scontent-lax3-1.cdninstagram.com&_nc_cat=102&_nc_ohc=WWXb78nIlEAAX_UI9Ru&edm=ALQROFkBAAAA&ccb=7-5&oh=00_AT813tLLbOvwuD1OYoxTboOe2pScTuhhfyBWz52nhOaZsw&oe=6341A166&_nc_sid=30a2ef,False,False,2022-10-21 11:05:17.701718,Beauty Melanin,beauty_melanin_,christinadahlmusic,CiRUfsgrnCy
0,34374280466,meant2beaaa,Beatriz Fox,https://scontent-den4-1.cdninstagram.com/v/t51.2885-19/308063365_120032754163064_1545104372003400306_n.jpg?stp=dst-jpg_s150x150&_nc_ht=scontent-den4-1.cdninstagram.com&_nc_cat=108&_nc_ohc=XFkHQk8PFx8AX9S_Can&edm=ALQROFkBAAAA&ccb=7-5&oh=00_AT8RlwmFDLPGX2b3QSz05uIAdANB9X5HjE-nvMA6hwLkyA&oe=63417998&_nc_sid=30a2ef,False,False,2022-10-21 11:05:17.701718,Beauty Melanin,beauty_melanin_,meant2beaaa,Cibd529Lxsl
0,198364458,imara.grant,üëë‚ú®Black Queen‚ú®üëë,https://scontent-lga3-1.cdninstagram.com/v/t51.2885-19/271916824_2730852137224397_183618476534763357_n.jpg?stp=dst-jpg_s150x150&_nc_ht=scontent-lga3-1.cdninstagram.com&_nc_cat=105&_nc_ohc=sce0tg1rUVcAX90uv3d&edm=ALQROFkBAAAA&ccb=7-5&oh=00_AT_ACumjLDn6aLeLq8PgYa8TU-5yJu5FpcRYYUNvrtbI3w&oe=63411C9F&_nc_sid=30a2ef,False,False,2022-10-21 11:05:17.701718,Beauty Melanin,beauty_melanin_,imara.grant,CiVRADNO_9O
0,24588013,callaqhill,Hype Gal | AQ üìçHuntsville Alabama,https://scontent-lga3-1.cdninstagram.com/v/t51.2885-19/274851664_707643087063962_6800112101121018853_n.jpg?stp=dst-jpg_s150x150&_nc_ht=scontent-lga3-1.cdninstagram.com&_nc_cat=102&_nc_ohc=YGqwLzuiXXMAX8kwH8j&edm=ALQROFkBAAAA&ccb=7-5&oh=00_AT8iSJfS4li7OMA-97pCUnFkTCa7DHWzHfbEb7YJ25BEVQ&oe=63412CB0&_nc_sid=30a2ef,False,False,2022-10-21 11:05:17.701718,Beauty Melanin,beauty_melanin_,callaqhill,ChtKi-iMZeA
0,1610217771,mskaimichelle,Kai Michelle | Dallas Influencer,https://scontent-ort2-2.cdninstagram.com/v/t51.2885-19/279964699_4984227054986902_7631474969875411606_n.jpg?stp=dst-jpg_s150x150&_nc_ht=scontent-ort2-2.cdninstagram.com&_nc_cat=110&_nc_ohc=fs2SBYqNLFMAX8zcohL&edm=ALQROFkBAAAA&ccb=7-5&oh=00_AT-Ke6jkZDKUF4XBrpQLiWyWjd-C2A9Usu15RtfVtqenGQ&oe=6340B2C6&_nc_sid=30a2ef,False,False,2022-10-21 11:05:17.701718,Beauty Melanin,beauty_melanin_,mskaimichelle,ChkIpjbjiGt
0,1610217771,mskaimichelle,Kai Michelle | Dallas Influencer,https://scontent-lga3-2.cdninstagram.com/v/t51.2885-19/279964699_4984227054986902_7631474969875411606_n.jpg?stp=dst-jpg_s150x150&_nc_ht=scontent-lga3-2.cdninstagram.com&_nc_cat=110&_nc_ohc=fs2SBYqNLFMAX9ABpX-&edm=ALQROFkBAAAA&ccb=7-5&oh=00_AT9WTDOK2hor47_uw4cwZQiXRzCWaJk5DMDBhgvgNhmQzw&oe=6340B2C6&_nc_sid=30a2ef,False,False,2022-10-21 11:05:17.701718,Beauty Melanin,beauty_melanin_,mskaimichelle,ChmtrzhDACf
0,1960829168,bpeppersart,Bri Pippens,https://scontent-den4-1.cdninstagram.com/v/t51.2885-19/273729498_363186822011768_5827402087039467734_n.jpg?stp=dst-jpg_s150x150&_nc_ht=scontent-den4-1.cdninstagram.com&_nc_cat=108&_nc_ohc=o1bPBj4Kaa4AX9QLtUC&edm=ALQROFkBAAAA&ccb=7-5&oh=00_AT_tREGgHJqs6DFf0mVGoV0IS-QC9HDS25ww4N9rzhjUBQ&oe=63407467&_nc_sid=30a2ef,False,False,2022-10-21 11:05:17.701718,Beauty Melanin,beauty_melanin_,bpeppersart,Cic-kHjgsvW
0,36645415,theankitaagrawal,Ankita Agrawal üßø,https://scontent-yyz1-1.cdninstagram.com/v/t51.2885-19/73521726_2544681979142160_1454826579887652864_n.jpg?stp=dst-jpg_s150x150&_nc_ht=scontent-yyz1-1.cdninstagram.com&_nc_cat=100&_nc_ohc=akWFsmAR7doAX_b3GiG&edm=ALQROFkBAAAA&ccb=7-5&oh=00_AT9cdTQOx0g05ysEXrQqHvjBYOCefVNp356yRnmHRL6M1A&oe=6341F198&_nc_sid=30a2ef,False,False,2022-10-21 11:05:17.701718,Beauty Melanin,beauty_melanin_,theankitaagrawal,Chv53fSrTDs
0,6101299,ashleynelltipton,Ashley Nell Tipton,https://scontent-den4-1.cdninstagram.com/v/t51.2885-19/292602562_817194025914800_8502603012238712937_n.jpg?stp=dst-jpg_s150x150&_nc_ht=scontent-den4-1.cdninstagram.com&_nc_cat=108&_nc_ohc=_E3mFFBbIeQAX8_fGEV&edm=ALQROFkBAAAA&ccb=7-5&oh=00_AT_Srj3CTjKntEaZXStkTDeoOn2awtB_vlGKSZ4Jhu2Zkg&oe=63407B6F&_nc_sid=30a2ef,False,True,2022-10-21 11:05:17.701718,Hereafter,from_hereafter,ashleynelltipton,CgC2sn-P35X
0,7097071,the_vintage_bombshell,Selena Faith,https://scontent-den4-1.cdninstagram.com/v/t51.2885-19/306142967_447954310451000_1368592460951089517_n.jpg?stp=dst-jpg_s150x150&_nc_ht=scontent-den4-1.cdninstagram.com&_nc_cat=108&_nc_ohc=nYGOu8Q6i0MAX-Ztmdo&edm=ALQROFkBAAAA&ccb=7-5&oh=00_AT9UhrDeaGh6RXdSheLjNx1I0omHcpGGZkkpc1lIwhvfJw&oe=63415E6C&_nc_sid=30a2ef,False,False,2022-10-21 11:05:17.701718,Hereafter,from_hereafter,the_vintage_bombshell,CgaAVb4j-pt
0,251836328,oxmxl,oxzonna ‚úø east coast influencer,https://scontent-den4-1.cdninstagram.com/v/t51.2885-19/308239754_797631411551733_5936734881668767534_n.jpg?stp=dst-jpg_s150x150&_nc_ht=scontent-den4-1.cdninstagram.com&_nc_cat=109&_nc_ohc=L_1DQI6dVH8AX8GkKP1&edm=ALQROFkBAAAA&ccb=7-5&oh=00_AT_C1O3mZ4h0RTIKiFFzpZBUze3iciYumJiDUrzkG6Ks-w&oe=634157A9&_nc_sid=30a2ef,False,False,2022-10-21 11:05:17.701718,Hereafter,from_hereafter,oxmxl,Cih6biEOWOe
0,251836328,oxmxl,oxzonna ‚úø east coast influencer,https://scontent-iad3-1.cdninstagram.com/v/t51.2885-19/308239754_797631411551733_5936734881668767534_n.jpg?stp=dst-jpg_s150x150&_nc_ht=scontent-iad3-1.cdninstagram.com&_nc_cat=109&_nc_ohc=L_1DQI6dVH8AX_u89dL&edm=ALQROFkBAAAA&ccb=7-5&oh=00_AT8BerGOcPiuULpMDgS-fxzLjXxwU2RXM12yb4eRdRDOvg&oe=634157A9&_nc_sid=30a2ef,False,False,2022-10-21 11:05:17.701718,Hereafter,from_hereafter,oxmxl,CisqV2KJIMi
0,1224105526,mel77wa,Melanie Roy,https://scontent-lga3-1.cdninstagram.com/v/t51.2885-19/181871272_989363111803555_2473251282534487205_n.jpg?stp=dst-jpg_s150x150&_nc_ht=scontent-lga3-1.cdninstagram.com&_nc_cat=107&_nc_ohc=Siyu8whmOvMAX9v99b4&edm=APGXKFABAAAA&ccb=7-5&oh=00_AT_n7WbRJH6mEQIIdq-xK4i1aPPBr8qHOngy5X9S79Y8sw&oe=6342199E&_nc_sid=f0cd3e,False,False,2022-10-21 11:05:17.701718,Hereafter,from_hereafter,mel77wa,CigZB-3jjHn
0,344760942,momentswithmellissa,Melissa üåø,https://scontent-den4-1.cdninstagram.com/v/t51.2885-19/242221692_1221161295052506_4027098948546231950_n.jpg?stp=dst-jpg_s150x150&_nc_ht=scontent-den4-1.cdninstagram.com&_nc_cat=106&_nc_ohc=5FshODeBadUAX8NuG_v&edm=ALQROFkBAAAA&ccb=7-5&oh=00_AT9stnKpDkteXyU1SH-iADqKixESmlU9d5naMBE7YcTC0g&oe=6341EB21&_nc_sid=30a2ef,False,False,2022-10-21 11:05:17.701718,Hereafter,from_hereafter,momentswithmellissa,CjGE4DgrAjz
0,7060690805,kimreed930,üòòKIMBERLYüòò,https://scontent-yyz1-1.cdninstagram.com/v/t51.2885-19/240088392_370569368009968_730601848383179923_n.jpg?stp=dst-jpg_s150x150&_nc_ht=scontent-yyz1-1.cdninstagram.com&_nc_cat=104&_nc_ohc=zsnPp88nadgAX9pNBS2&edm=ALQROFkBAAAA&ccb=7-5&oh=00_AT9icUWPDd8bLbs0Hdv-0bQTvM8gv_eCX0fuCBWv92fpmQ&oe=63411C4A&_nc_sid=30a2ef,False,False,2022-10-21 11:05:17.701718,Hereafter,from_hereafter,kimreed930,Chp1Jafpi3D
0,24738061,just_janci,Just Janci,https://scontent-yyz1-1.cdninstagram.com/v/t51.2885-19/296429192_595347138962031_7840546138536787521_n.jpg?stp=dst-jpg_s150x150&_nc_ht=scontent-yyz1-1.cdninstagram.com&_nc_cat=103&_nc_ohc=3XxkrUIoOBQAX87J4DJ&edm=ALQROFkBAAAA&ccb=7-5&oh=00_AT-Zy6Qa_31JiM3fixeqFt-fBSWuO-y1V4by6Y8Tcq87lw&oe=6341ED94&_nc_sid=30a2ef,False,False,2022-10-21 11:05:17.701718,Hereafter,from_hereafter,just_janci,ChuU8oFg-WH
0,7807392,haleymarie666,haley,https://scontent-den4-1.cdninstagram.com/v/t51.2885-19/308348436_3002655216700063_1377343665843042575_n.jpg?stp=dst-jpg_s150x150&_nc_ht=scontent-den4-1.cdninstagram.com&_nc_cat=107&_nc_ohc=i_PHuMVOz_0AX9I4xCN&edm=ALQROFkBAAAA&ccb=7-5&oh=00_AT9Z6iynlA2HDoMH7sj6wC1DbXo8-X9bz0jgUoN20bxOKA&oe=634205F1&_nc_sid=30a2ef,False,False,2022-10-21 11:05:17.701718,Hereafter,from_hereafter,haleymarie666,CiwC2WJj5p8
0,7831299255,darlingstrong,Ashley Fitness,https://scontent-lga3-1.cdninstagram.com/v/t51.2885-19/285932272_536076681545446_1823173993891733003_n.jpg?stp=dst-jpg_s150x150&_nc_ht=scontent-lga3-1.cdninstagram.com&_nc_cat=110&_nc_ohc=3POc4JsmEzsAX8Ygkti&edm=APGXKFABAAAA&ccb=7-5&oh=00_AT-XRWbKKuMtTg_Cuq5F1GeVOHeDWl-L4EWrTwyMz7T2YA&oe=6340AB10&_nc_sid=f0cd3e,False,False,2022-10-21 11:05:17.701718,Hereafter,from_hereafter,darlingstrong,Ch2iwChM4Tv
0,7831299255,darlingstrong,Ashley Fitness,https://scontent-den4-1.cdninstagram.com/v/t51.2885-19/285932272_536076681545446_1823173993891733003_n.jpg?stp=dst-jpg_s150x150&_nc_ht=scontent-den4-1.cdninstagram.com&_nc_cat=110&_nc_ohc=3POc4JsmEzsAX90V_tU&edm=ALQROFkBAAAA&ccb=7-5&oh=00_AT-PxV8_q60aHvSJhlZfx_rI_TvC80R_UgcwKSZlWTPfdg&oe=6340AB10&_nc_sid=30a2ef,False,False,2022-10-21 11:05:17.701718,Hereafter,from_hereafter,darlingstrong,CiQbJBCJLqu
0,19089191438,kclynnmusic,KC Lynn,https://scontent-bos5-1.cdninstagram.com/v/t51.2885-19/212040350_1183714545436880_6872210953215852207_n.jpg?stp=dst-jpg_s150x150&efg=eyJybWQiOiJpZ19hbmRyb2lkX21vYmlsZV9uZXR3b3JrX3N0YWNrX2xpZ2VyX2NvbXBhdGlibGVfcXVpY19hbGxvd2xpc3RfMTptbnNfcXVpY19hbGxvd2xpc3QifQ&_nc_ht=scontent-bos5-1.cdninstagram.com&_nc_cat=108&_nc_ohc=eYefrNaAL5kAX8DTo_f&edm=ALQROFkBAAAA&ccb=7-5&oh=00_AT-8eT_4buVRHYuZf5FTl9DqoS-VFIgKs6cWKH_s9HVA9A&oe=63422E26&_nc_sid=30a2ef,False,False,2022-10-21 11:05:17.701718,Hereafter,from_hereafter,kclynnmusic,ChnzJVAgYLv
0,2262232,livingwithjackie_,ùêâùêöùêúùê§ùê¢ùêû ùêçùêÆùêûùê≥ || ùêíùêûùêö ùêàùêßùêüùê•ùêÆùêûùêßùêúùêûùê´,https://scontent-lga3-1.cdninstagram.com/v/t51.2885-19/308624252_455122089976824_8837724241189780543_n.jpg?stp=dst-jpg_s150x150&_nc_ht=scontent-lga3-1.cdninstagram.com&_nc_cat=100&_nc_ohc=u7T2Zq34PS0AX9fdQpp&edm=APGXKFABAAAA&ccb=7-5&oh=00_AT97_yYox0E2EQI1jySlCoa_aiLrw3UT-wgP0_T3r6ADyg&oe=6340D557&_nc_sid=f0cd3e,False,False,2022-10-21 11:05:17.701718,Hereafter,from_hereafter,livingwithjackie_,Ch5F-ixp2_k
0,4966559920,patrianasonia,ùìüùì™ùìΩùìªùì≤ùì™ùì∑ùì™ ùì¢ùì∏ùì∑ùì≤ùì™,https://scontent-den4-1.cdninstagram.com/v/t51.2885-19/310433350_1232559063984338_4104709139775253305_n.jpg?stp=dst-jpg_s150x150&_nc_ht=scontent-den4-1.cdninstagram.com&_nc_cat=102&_nc_ohc=_caABvftAUoAX938rM-&edm=ALQROFkBAAAA&ccb=7-5&oh=00_AT-rpVDd9udGKp7mP_8EL9i1aEbmZhNF2mHzj0lrC1Lf_Q&oe=6341667A&_nc_sid=30a2ef,False,False,2022-10-21 11:05:17.701718,Hereafter,from_hereafter,patrianasonia,Cf_4cd5pHW1
0,4966559920,patrianasonia,ùìüùì™ùìΩùìªùì≤ùì™ùì∑ùì™ ùì¢ùì∏ùì∑ùì≤ùì™,https://scontent-den4-1.cdninstagram.com/v/t51.2885-19/310433350_1232559063984338_4104709139775253305_n.jpg?stp=dst-jpg_s150x150&_nc_ht=scontent-den4-1.cdninstagram.com&_nc_cat=102&_nc_ohc=_caABvftAUoAX8JFMxV&edm=APGXKFABAAAA&ccb=7-5&oh=00_AT8g9DMOXSbVpORlZYacoKs4Qu1XdUAZ4O-YtWbIHCNawg&oe=6341667A&_nc_sid=f0cd3e,False,False,2022-10-21 11:05:17.701718,Hereafter,from_hereafter,patrianasonia,CiiDHrIvQ6l
0,177122315,amanda.bloomquist,Amanda,https://scontent-lga3-2.cdninstagram.com/v/t51.2885-19/185441597_101535352098303_3520270350350075761_n.jpg?stp=dst-jpg_s150x150&_nc_ht=scontent-lga3-2.cdninstagram.com&_nc_cat=103&_nc_ohc=7yoD-ESy2ooAX8QYAkj&edm=ALQROFkBAAAA&ccb=7-5&oh=00_AT8YuasdPxMMlY6-xkbdJHMqk9hB38NO-RDybGbKm64n2g&oe=634260B4&_nc_sid=30a2ef,False,False,2022-10-21 11:05:17.701718,Hereafter,from_hereafter,amanda.bloomquist,Ch49rBMJOAg
0,17951454,harpergraemusic,HARPER GRAE,https://scontent-ort2-2.cdninstagram.com/v/t51.2885-19/279695184_719628112406401_3969293680782919605_n.jpg?stp=dst-jpg_s150x150&_nc_ht=scontent-ort2-2.cdninstagram.com&_nc_cat=101&_nc_ohc=EE85d0GVYzwAX8f-eYj&edm=ALQROFkBAAAA&ccb=7-5&oh=00_AT-57FL5QueBu9PLLOSE1Xoo7-jy7zJFS67EcFeXL3MTUQ&oe=63411DA7&_nc_sid=30a2ef,False,True,2022-10-21 11:05:17.701718,Hereafter,from_hereafter,harpergraemusic,Chs4yTVpSq9
0,17951454,harpergraemusic,HARPER GRAE,https://scontent-yyz1-1.cdninstagram.com/v/t51.2885-19/279695184_719628112406401_3969293680782919605_n.jpg?stp=dst-jpg_s150x150&_nc_ht=scontent-yyz1-1.cdninstagram.com&_nc_cat=101&_nc_ohc=EE85d0GVYzwAX_FJ-UV&edm=ALQROFkBAAAA&ccb=7-5&oh=00_AT8ONI7a3Ol9Z061MtDMzf5WoPYx4gSD9ET5JfBVZXmHIw&oe=63411DA7&_nc_sid=30a2ef,False,True,2022-10-21 11:05:17.701718,Hereafter,from_hereafter,harpergraemusic,CiWKoaoJ9wj
0,1398500540,sally_belhaj,’èally,https://scontent-den4-1.cdninstagram.com/v/t51.2885-19/309150548_2334190026732748_6744136722075839643_n.jpg?stp=dst-jpg_s150x150&efg=eyJybWQiOiJpZ19hbmRyb2lkX21vYmlsZV9uZXR3b3JrX3N0YWNrX2xpZ2VyX2NvbXBhdGlibGVfcXVpY19hbGxvd2xpc3RfMTpsaWdlciJ9&_nc_ht=scontent-den4-1.cdninstagram.com&_nc_cat=104&_nc_ohc=CDO1oitEb1kAX__q5__&edm=ALQROFkBAAAA&ccb=7-5&oh=00_AT9R65xPhJ_HBUdchBx9pFjw9Ul9_dz68NgottxPFXYjdg&oe=6341C3D1&_nc_sid=30a2ef,False,False,2022-10-21 11:05:17.701718,Hereafter,from_hereafter,sally_belhaj,CjD0qyUrCpA
0,22376565,jamieeastonn,Jamie Easton,https://scontent-den4-1.cdninstagram.com/v/t51.2885-19/58408984_358185911492712_4472148573999333376_n.jpg?stp=dst-jpg_s150x150&efg=eyJybWQiOiJpZ19hbmRyb2lkX21vYmlsZV9uZXR3b3JrX3N0YWNrX2xpZ2VyX2NvbXBhdGlibGVfcXVpY19hbGxvd2xpc3RfMTpjb250cm9sIn0&_nc_ht=scontent-den4-1.cdninstagram.com&_nc_cat=100&_nc_ohc=Sxq-5cGubWQAX_QBtCN&edm=ALQROFkBAAAA&ccb=7-5&oh=00_AT9_sqi2g8ZUd9mTJkwYtVfmr1m5Z2rUiYyNuBY7JrLFFg&oe=6340D94B&_nc_sid=30a2ef,False,False,2022-10-21 11:05:17.701718,Hereafter,from_hereafter,jamieeastonn,ChqOlzTOrlf
0,26956217,ofc.gaines_,,https://scontent-iad3-1.cdninstagram.com/v/t51.2885-19/251782208_903848007186039_73269129284043209_n.jpg?stp=dst-jpg_s150x150&_nc_ht=scontent-iad3-1.cdninstagram.com&_nc_cat=103&_nc_ohc=jMWowmHcLmQAX_glEJs&edm=ALQROFkBAAAA&ccb=7-5&oh=00_AT8IlWlumaRXYm8eStt3hOEWMRmQKzzYBLxkZ1NeysCy2A&oe=6341EB8F&_nc_sid=30a2ef,False,False,2022-10-21 11:05:17.701718,Hereafter,from_hereafter,ofc.gaines_,CiaBUf_AO-x
0,2523023,brookegriffin.fit,ùë©ùíìùíêùíêùíåùíÜ ‚ú®ùë©ùíÜùíÇùíÑùíâùíÉùíêùíÖùíö ùë™ùíêùíÇùíÑùíâ,https://scontent-lax3-2.cdninstagram.com/v/t51.2885-19/309211903_785657029313055_2123165243634476141_n.jpg?stp=dst-jpg_s150x150&_nc_ht=scontent-lax3-2.cdninstagram.com&_nc_cat=103&_nc_ohc=dfJ9Hom7OUoAX9PjK00&edm=ALQROFkBAAAA&ccb=7-5&oh=00_AT8CcSMWaThEJXyp8tmP-K_zD879yliAeudSRP0007uVZQ&oe=6341FEB0&_nc_sid=30a2ef,False,False,2022-10-21 11:05:17.701718,Hereafter,from_hereafter,brookegriffin.fit,ChqC2JbJ6as
0,48273093618,k_and_l_asl,Asl for teens,https://scontent-ord5-1.cdninstagram.com/v/t51.2885-19/289069407_408208514654930_3964767087887933881_n.jpg?stp=dst-jpg_s150x150&_nc_ht=scontent-ord5-1.cdninstagram.com&_nc_cat=102&_nc_ohc=H4cFZ2KWAS0AX9QrxcE&edm=APGXKFABAAAA&ccb=7-5&oh=00_AT-6RbBti7RAu347PBLb12R0AWpqTOX222yza_tNYfngdw&oe=63418D25&_nc_sid=f0cd3e,False,False,2022-10-21 11:05:17.701718,Hereafter,from_hereafter,k_and_l_asl,Chswwblrh2Z
0,15273465,marisellabella,Marisella ‚ô•,https://scontent-den4-1.cdninstagram.com/v/t51.2885-19/290174002_442761240633049_5589782952077543577_n.jpg?stp=dst-jpg_s150x150&efg=eyJybWQiOiJpZ19hbmRyb2lkX21vYmlsZV9uZXR3b3JrX3N0YWNrX2xpZ2VyX2NvbXBhdGlibGVfcXVpY19hbGxvd2xpc3RfMTpsaWdlciJ9&_nc_ht=scontent-den4-1.cdninstagram.com&_nc_cat=1&_nc_ohc=HHekWFo6ZE0AX_cW_eW&edm=ALQROFkBAAAA&ccb=7-5&oh=00_AT8PTVNV5IHsS2iuNqxT0Cc6Bu9xmj1fbEXswipSs7XujQ&oe=6341C7D1&_nc_sid=30a2ef,False,False,2022-10-21 11:05:17.701718,Hereafter,from_hereafter,marisellabella,CfuAZ4aDb10
0,4281572434,goodboy_zax,‚Ñ§ùî∏ùïè&ùïÉùî∏ùïÄùïÇùî∏‚ô•Ô∏é ùô¥ùö°ùöôùöïùöòùöõùöé|ùô≥ùöòùöêùöñùöòùöñ|ùôµùöûùöó,https://scontent-den4-1.cdninstagram.com/v/t51.2885-19/198567489_236780484506835_1085416147868890107_n.jpg?stp=dst-jpg_s150x150&_nc_ht=scontent-den4-1.cdninstagram.com&_nc_cat=103&_nc_ohc=b1BxNRxCfvEAX_Y8lRB&edm=ALQROFkBAAAA&ccb=7-5&oh=00_AT_tDjXI1EAiKCNVMwJnSsfYKUmSh1qfRIY0LT_QdpVLsg&oe=634133AB&_nc_sid=30a2ef,False,False,2022-10-21 11:05:17.701718,Hereafter,from_hereafter,goodboy_zax,CiaVxTivb77
0,37479754993,raisingthewildboys,Lauren üñ§,https://scontent-ort2-2.cdninstagram.com/v/t51.2885-19/293790038_722644418795760_3455186866296677848_n.jpg?stp=dst-jpg_s150x150&_nc_ht=scontent-ort2-2.cdninstagram.com&_nc_cat=100&_nc_ohc=yWbnJZXS4yMAX_3wfOf&edm=ALQROFkBAAAA&ccb=7-5&oh=00_AT-k2fatV0Q7ynttootozfMC2TozASH6Sv79zXj28H10dQ&oe=6341EB2F&_nc_sid=30a2ef,False,False,2022-10-21 11:05:17.701718,Hereafter,from_hereafter,raisingthewildboys,ChuzATgub5D
0,48038664126,domjones.unity,Dom Jones,https://scontent-ort2-2.cdninstagram.com/v/t51.2885-19/288881739_148070861141050_660899440795758203_n.jpg?stp=dst-jpg_s150x150&_nc_ht=scontent-ort2-2.cdninstagram.com&_nc_cat=110&_nc_ohc=OKtleUUTRs8AX91S-1k&edm=APGXKFABAAAA&ccb=7-5&oh=00_AT92fgI9J9bJIG8M8Epzgx9NJG65etUb6L1w9pRHY6TXLA&oe=6342311D&_nc_sid=f0cd3e,False,False,2022-10-21 11:05:17.701718,Hereafter,from_hereafter,domjones.unity,CjOycQUJq3v
