,width,height,url,_OS_CREATED_AT,OS_MERCHANT,OS_HANDLE,INFLUENCER_HANDLE,CODE
0,360,640,https://scontent-bos5-1.cdninstagram.com/v/t51.2885-15/309285398_197869516010944_7727906197859837922_n.jpg?stp=dst-jpg_e15_p360x360&efg=eyJybWQiOiJpZ19hbmRyb2lkX21vYmlsZV9uZXR3b3JrX3N0YWNrX2xpZ2VyX2NvbXBhdGlibGVfcXVpY19hbGxvd2xpc3RfMTpjb250cm9sIn0&_nc_ht=scontent-bos5-1.cdninstagram.com&_nc_cat=104&_nc_ohc=7m1EKaa2ScUAX8ogg5o&edm=ALQROFkBAAAA&ccb=7-5&ig_cache_key=MjkzODA2Njg0NjAzMTM4NDc5NQ%3D%3D.2-ccb7-5&oh=00_AT-gXeaHCMM4RxsOvb8XW1O9uibngiljV5uy_1rJGf0dlQ&oe=6340A4D5&_nc_sid=30a2ef,2022-10-21 11:05:17.701718,Kozy Couch,kozycouch,chelseaericasmith,CjGHDrcDZDb
0,360,640,https://scontent-den4-1.cdninstagram.com/v/t51.2885-15/301766451_453933199980108_2292531672863263262_n.jpg?stp=dst-jpg_e15_p360x360&_nc_ht=scontent-den4-1.cdninstagram.com&_nc_cat=100&_nc_ohc=SXvt8K4Io0kAX8sM_lW&edm=ALQROFkBAAAA&ccb=7-5&ig_cache_key=MjkxNDg4NDE5MTg1MjA0MTUzMQ%3D%3D.2-ccb7-5&oh=00_AT8g_DyLLOyuY5ENj9wawU3po5ySB22-anuflpkCI_dWAA&oe=6341024D&_nc_sid=30a2ef,2022-10-21 11:05:17.701718,Kozy Couch,kozycouch,kasey.moore_,Chzv7qQvhU7
0,480,853,https://scontent-bos5-1.cdninstagram.com/v/t51.2885-15/293193001_2341275206031572_4847493823107053332_n.jpg?stp=dst-jpg_e15_p480x480&_nc_ht=scontent-bos5-1.cdninstagram.com&_nc_cat=108&_nc_ohc=0jpuIoZ8LfMAX84xJSk&edm=APGXKFABAAAA&ccb=7-5&ig_cache_key=Mjg4MDg1OTQ2Njg0Mzk1NzI3Ng%3D%3D.2-ccb7-5&oh=00_AT_491t7-TRWuIaX4HHCFUUI8nHqaQxCfSJBes_r5iUWiw&oe=6328AA99&_nc_sid=f0cd3e,2022-10-21 11:05:17.701718,Kozy Couch,kozycouch,lovemilanmarie,Cf63mvxDigc
0,360,640,https://scontent-ord5-1.cdninstagram.com/v/t51.2885-15/293991641_635772501224366_8151784052060969448_n.jpg?stp=dst-jpg_e15_p360x360&_nc_ht=scontent-ord5-1.cdninstagram.com&_nc_cat=102&_nc_ohc=3xXR-8dm31QAX_a7vCZ&edm=ALQROFkBAAAA&ccb=7-5&ig_cache_key=Mjg4MjUyNzQ4ODE4Mzk0NjgxNg%3D%3D.2-ccb7-5&oh=00_AT9f1ZUMnZ7k3sOfaRZHz7R54-E70hmOmFw_lTPWi6jvww&oe=63424241&_nc_sid=30a2ef,2022-10-21 11:05:17.701718,Kozy Couch,kozycouch,themhoffers,CgAy3psgM5A
0,360,640,https://scontent-ord5-1.cdninstagram.com/v/t51.2885-15/300943047_410490814517253_6450707408404162408_n.jpg?stp=dst-jpg_e15_p360x360&efg=eyJybWQiOiJpZ19hbmRyb2lkX21vYmlsZV9uZXR3b3JrX3N0YWNrX25vX2xpZ2VyX3JldHJ5X3FwbDpsaWdlcl9ub19yZXRyeSJ9&_nc_ht=scontent-ord5-1.cdninstagram.com&_nc_cat=109&_nc_ohc=jElahQtKMTkAX-Cg17A&edm=ALQROFkBAAAA&ccb=7-5&ig_cache_key=MjkxMTI1ODMzMDgwNjk2MjczOQ%3D%3D.2-ccb7-5&oh=00_AT8kb5Snd38fht4XLbdXgEzT6q3n2wVjXVBj2OVJ21jU_Q&oe=6340849D&_nc_sid=30a2ef,2022-10-21 11:05:17.701718,Kozy Couch,kozycouch,princess.eva_,Chm3gcBJUoz
0,480,853,https://scontent-den4-1.cdninstagram.com/v/t51.2885-15/291143327_2604641699667006_3047800498743902513_n.jpg?stp=dst-jpg_e15_p480x480&_nc_ht=scontent-den4-1.cdninstagram.com&_nc_cat=106&_nc_ohc=LSU7elrKTMIAX_QLU-P&edm=APGXKFABAAAA&ccb=7-5&ig_cache_key=Mjg3MzU3NjIwMDYwMzg3MTkwNg%3D%3D.2-ccb7-5&oh=00_AT9XO_51gVN3lZz_YrpfWQycqJSWCrajmb__jonwX9pbXQ&oe=6340EE79&_nc_sid=f0cd3e,2022-10-21 11:05:17.701718,Kozy Couch,kozycouch,ashleymeghanpeters,Cfg_lRgAqqi
0,480,853,https://scontent-ord5-1.cdninstagram.com/v/t51.2885-15/287772070_467305735202843_7912568831372388980_n.jpg?stp=dst-jpg_e15_p480x480&_nc_ht=scontent-ord5-1.cdninstagram.com&_nc_cat=111&_nc_ohc=l1yTwJeQnKkAX81fssy&edm=ALQROFkBAAAA&ccb=7-5&ig_cache_key=Mjg1OTgzMjIwNzI1Mjg2NTEyMQ%3D%3D.2-ccb7-5&oh=00_AT8cGQpireBQJ_I_J4GIuc2qgsPoyWx3mkGRbR_iss1oiw&oe=6341C6AB&_nc_sid=30a2ef,2022-10-21 11:05:17.701718,Kozy Couch,kozycouch,vernsie_,CewKj2Oh0Bh
0,360,640,https://scontent-lga3-1.cdninstagram.com/v/t51.2885-15/302154857_760401525044716_2258925485434205860_n.jpg?stp=dst-jpg_e15_p360x360&efg=eyJybWQiOiJpZ19hbmRyb2lkX21vYmlsZV9uZXR3b3JrX3N0YWNrX2xpZ2VyX2NvbXBhdGlibGVfcXVpY19hbGxvd2xpc3RfMTpsaWdlciJ9&_nc_ht=scontent-lga3-1.cdninstagram.com&_nc_cat=104&_nc_ohc=Ksrelvytt3EAX8Ba1sS&edm=ALQROFkBAAAA&ccb=7-5&ig_cache_key=MjkxNjI1NTg2NDEyMzc2NzA0NQ%3D%3D.2-ccb7-5&oh=00_AT-PJh2HRa1V4PjhobHsu8-vf6i2Uchonl9Pp-y7Hc_H4A&oe=634220CA&_nc_sid=30a2ef,2022-10-21 11:05:17.701718,Kozy Couch,kozycouch,thehawkins.onthehill,Ch4n0HnPzkF
0,360,640,https://scontent-den4-1.cdninstagram.com/v/t51.2885-15/301438530_138645975531638_5701848517365614254_n.jpg?stp=dst-jpg_e15_p360x360&_nc_ht=scontent-den4-1.cdninstagram.com&_nc_cat=102&_nc_ohc=LS9I5-ZFKvQAX9BBHwf&edm=ALQROFkBAAAA&ccb=7-5&ig_cache_key=MjkxMjEyMzY5MzgyOTA0NDgwMA%3D%3D.2-ccb7-5&oh=00_AT9xPEvvzlQ4UUJ0fniKCs8i-QWuloXnNW422nAsse9Sbg&oe=634217B3&_nc_sid=30a2ef,2022-10-21 11:05:17.701718,Kozy Couch,kozycouch,emersynpotter,Chp8RIIrbpA
0,360,640,https://scontent-den4-1.cdninstagram.com/v/t51.2885-15/292101029_404998634913831_5432937281546528211_n.jpg?stp=dst-jpg_e15_p360x360&efg=eyJybWQiOiJpZ19hbmRyb2lkX21vYmlsZV9uZXR3b3JrX3N0YWNrX25vX3JldHJ5X3F1aWNfZGlzYWJsZWRfcXBsXzE6bW5zX25vX3JldHJ5In0&_nc_ht=scontent-den4-1.cdninstagram.com&_nc_cat=103&_nc_ohc=2xKwJ511tXUAX-rbloA&edm=ALQROFkBAAAA&ccb=7-5&ig_cache_key=Mjg3NTY3NDMxMjY5ODE5OTQ2NA%3D%3D.2-ccb7-5&oh=00_AT9IiBinh_HgxuTWRefEGJKTogwmpkLnuBR8fwWpMPaYHQ&oe=63421006&_nc_sid=30a2ef,2022-10-21 11:05:17.701718,Kozy Couch,kozycouch,hypefam805,Cfoco0qF32o
0,240,425,https://scontent-den4-1.cdninstagram.com/v/t51.2885-15/294988712_591765232527456_5471258277915733505_n.jpg?stp=dst-jpg_e15_p240x240&_nc_ht=scontent-den4-1.cdninstagram.com&_nc_cat=100&_nc_ohc=dUoKVFq_K58AX-6SBVJ&edm=ALQROFkBAAAA&ccb=7-5&ig_cache_key=Mjg4NzU0Mzk1ODkzMjc5NjgwNA%3D%3D.2-ccb7-5&oh=00_AT9TyvKQcmIvEFAwzAyo9nzZ1Pi3cpfjeqNga5vpGbxKUQ&oe=634199A1&_nc_sid=30a2ef,2022-10-21 11:05:17.701718,Kozy Couch,kozycouch,texasmadefamily,CgSne6Jg7WE
0,360,639,https://scontent-den4-1.cdninstagram.com/v/t51.2885-15/285279873_5367455506609525_4074017532913183315_n.jpg?stp=dst-jpg_e15_p360x360&_nc_ht=scontent-den4-1.cdninstagram.com&_nc_cat=101&_nc_ohc=8K_rJyMFEeEAX_FPOTK&edm=ALQROFkBAAAA&ccb=7-5&ig_cache_key=Mjg1MjU2MTk5MDAyMjY1NzgxOA%3D%3D.2-ccb7-5&oh=00_AT8qOPlbPhZanZPmO2xkuttymOz2BWq-tMGKzJB_3G_9Iw&oe=6340D1E0&_nc_sid=30a2ef,2022-10-21 11:05:17.701718,Kozy Couch,kozycouch,alllisoonn,CeWVgQzFPca
0,360,640,https://scontent-iad3-1.cdninstagram.com/v/t51.2885-15/301177751_172839641916214_1644670538116266068_n.jpg?stp=dst-jpg_e15_p360x360&_nc_ht=scontent-iad3-1.cdninstagram.com&_nc_cat=110&_nc_ohc=SS1qeJAeWEoAX_Vfk8c&edm=ALQROFkBAAAA&ccb=7-5&ig_cache_key=MjkxMTQwMTM5MTU4NzM1NjYzOA%3D%3D.2-ccb7-5&oh=00_AT-tQa52pO4fJcX3S_5b6yyUvzN53KchgPAtYW_3IuiPDA&oe=6341FE96&_nc_sid=30a2ef,2022-10-21 11:05:17.701718,Kozy Couch,kozycouch,a_piece_of_my_heaven,ChnYCPwJG_e
0,240,427,https://scontent-ord5-1.cdninstagram.com/v/t51.2885-15/288040236_561852638796706_6651416085184069030_n.jpg?stp=dst-jpg_e15_p240x240&_nc_ht=scontent-ord5-1.cdninstagram.com&_nc_cat=110&_nc_ohc=D7bnFBKdkQoAX9-7FcQ&edm=ALQROFkBAAAA&ccb=7-5&ig_cache_key=Mjg2MjY5NzUyMzYzMjUzNDM4Mw%3D%3D.2-ccb7-5&oh=00_AT-N7FIzFgXBtHmQ3coN2cw7yCVD6JnETxMsFciTaQaZvQ&oe=6340C5F0&_nc_sid=30a2ef,2022-10-21 11:05:17.701718,Kozy Couch,kozycouch,mama_bear_wooten,Ce6WDsDgfNv
0,240,427,https://scontent-msp1-1.cdninstagram.com/v/t51.2885-15/301473044_132921896125825_7552923726351731161_n.jpg?stp=dst-jpg_e15_p240x240&_nc_ht=scontent-msp1-1.cdninstagram.com&_nc_cat=101&_nc_ohc=lNUOcTdjpDUAX-rK2Yq&edm=ALQROFkBAAAA&ccb=7-5&ig_cache_key=MjkxMjgzNDE1Njc5ODk0NTQyMA%3D%3D.2-ccb7-5&oh=00_AT907IUMnJCr7mko4NA3w4l38Ayyiq7cddCO07SRQWep5Q&oe=6341F72A&_nc_sid=30a2ef,2022-10-21 11:05:17.701718,Kozy Couch,kozycouch,caroline.merritt19,ChsdzuVoCiM
0,240,427,https://scontent-lga3-2.cdninstagram.com/v/t51.2885-15/302313978_169633725583603_7060236408228601718_n.jpg?stp=dst-jpg_e15_p240x240&efg=eyJybWQiOiJpZ19hbmRyb2lkX21vYmlsZV9uZXR3b3JrX3N0YWNrX2xpZ2VyX2NvbXBhdGlibGVfcXVpY19hbGxvd2xpc3RfMTpsaWdlciJ9&_nc_ht=scontent-lga3-2.cdninstagram.com&_nc_cat=107&_nc_ohc=QHRSVli4-P0AX9pmW21&edm=ALQROFkBAAAA&ccb=7-5&ig_cache_key=MjkxNzIwMzA3ODUwODAxMDU3Ng%3D%3D.2-ccb7-5&oh=00_AT8nmXhzXyzPMUYxrqwSX7vy4TR_WGrRUEomkpmL--QLqw&oe=634072F2&_nc_sid=30a2ef,2022-10-21 11:05:17.701718,Kozy Couch,kozycouch,briellaandme,Ch7_L5wJVxQ
0,360,640,https://scontent-den4-1.cdninstagram.com/v/t51.2885-15/300989186_3165492547023937_8397289171875827802_n.jpg?stp=dst-jpg_e15_p360x360&_nc_ht=scontent-den4-1.cdninstagram.com&_nc_cat=101&_nc_ohc=EnKBD8SctsUAX9cxy0q&edm=ALQROFkBAAAA&ccb=7-5&ig_cache_key=MjkxMjA2MDEzNDM1MjI0ODcwMA%3D%3D.2-ccb7-5&oh=00_AT8dCY2rnn25gR7pvYwVj5dW-KX1qIwpTsLC9-4N3BLOcQ&oe=63407BEE&_nc_sid=30a2ef,2022-10-21 11:05:17.701718,Kozy Couch,kozycouch,iammaritzarod,Chpt0NwpF98
0,640,1138,https://scontent-lga3-1.cdninstagram.com/v/t51.2885-15/302876988_613398833633837_3545149057958579664_n.jpg?stp=dst-jpg_e35_p640x640_sh0.08&_nc_ht=scontent-lga3-1.cdninstagram.com&_nc_cat=105&_nc_ohc=rb3RMobjRAMAX-39Axp&edm=ALQROFkBAAAA&ccb=7-5&ig_cache_key=MjkxNTg4NDAxMDY1MTk1ODAxOA%3D%3D.2-ccb7-5&oh=00_AT-I2mumTgByz3--SsXalVFndHGLEPuoYD7wm3N6hFMjiw&oe=63424515&_nc_sid=30a2ef,2022-10-21 11:05:17.701718,Kozy Couch,kozycouch,doranpoma,Ch3TQ8FJrsC
0,360,640,https://scontent-lga3-1.cdninstagram.com/v/t51.2885-15/292438233_334041638943502_6762228691481030458_n.jpg?stp=dst-jpg_e15_p360x360&_nc_ht=scontent-lga3-1.cdninstagram.com&_nc_cat=110&_nc_ohc=z2kdJIrkCMAAX-dstu-&edm=ALQROFkBAAAA&ccb=7-5&ig_cache_key=Mjg3ODY5MDU4NTMwOTY4MjA4OQ%3D%3D.2-ccb7-5&oh=00_AT-azqqCntIswqDu_OqccR2KNaQhLstZPDwVe43Arfr9Mw&oe=6341DBEA&_nc_sid=30a2ef,2022-10-21 11:05:17.701718,Kozy Couch,kozycouch,babybumpsandmombunss_,CfzKdXbpRmp
0,360,640,https://scontent-atl3-1.cdninstagram.com/v/t51.2885-15/305250749_3317498781842575_8584669371352181875_n.jpg?stp=dst-jpg_e15_p360x360&efg=eyJybWQiOiJpZ19hbmRyb2lkX21vYmlsZV9uZXR3b3JrX3N0YWNrX2xpZ2VyX2NvbXBhdGlibGVfcXVpY19hbGxvd2xpc3RfMTpjb250cm9sIn0&_nc_ht=scontent-atl3-1.cdninstagram.com&_nc_cat=107&_nc_ohc=8p_b3rg90DEAX_tQfnZ&edm=ALQROFkBAAAA&ccb=7-5&ig_cache_key=MjkyMTY0MDMxNzY2MTkxNjk3Ng%3D%3D.2-ccb7-5&oh=00_AT9pKArjUg0IpKI2dFtqtPP8vSa3opu6BUdE4mB--HhT9Q&oe=63425249&_nc_sid=30a2ef,2022-10-21 11:05:17.701718,Kozy Couch,kozycouch,ausomelyos,CiLwGOvsq8w
0,480,855,https://scontent-den4-1.cdninstagram.com/v/t51.2885-15/302060304_179844267866459_8240250039411360151_n.jpg?stp=dst-jpg_e15_p480x480&_nc_ht=scontent-den4-1.cdninstagram.com&_nc_cat=111&_nc_ohc=ji2nDqtEGcQAX9gN8k2&edm=ALQROFkBAAAA&ccb=7-5&ig_cache_key=MjkxNTk0NTc3MzExMjAzNjc2NQ%3D%3D.2-ccb7-5&oh=00_AT-AbuZ09dJBhhIsL79B3DOQvvpn5l9wjPlokMTjnXdLYA&oe=63408F5A&_nc_sid=30a2ef,2022-10-21 11:05:17.701718,Kozy Couch,kozycouch,woodandgraceblog,Ch3hTs2pQ2d
0,360,640,https://scontent-yyz1-1.cdninstagram.com/v/t51.2885-15/302062003_598676055053269_2856104083208883178_n.jpg?stp=dst-jpg_e15_p360x360&_nc_ht=scontent-yyz1-1.cdninstagram.com&_nc_cat=101&_nc_ohc=Pnh6VzVZGRoAX8ZDzIa&edm=ALQROFkBAAAA&ccb=7-5&ig_cache_key=MjkxNjMyNDYzNjc1NTEyODIxOQ%3D%3D.2-ccb7-5&oh=00_AT-lTja4hoURGtFUxGF7siwGVt7P55RxpXhSdSIUZR7z-g&oe=63419B6C&_nc_sid=30a2ef,2022-10-21 11:05:17.701718,Kozy Couch,kozycouch,tori.mccain,Ch43c5Hgm-b
0,360,640,https://scontent-yyz1-1.cdninstagram.com/v/t51.2885-15/301818441_3401821756719441_5186560579628377096_n.jpg?stp=dst-jpg_e15_p360x360&_nc_ht=scontent-yyz1-1.cdninstagram.com&_nc_cat=109&_nc_ohc=hya8FwwJBckAX9g8fUu&edm=ALQROFkBAAAA&ccb=7-5&ig_cache_key=MjkxNTE1NzU0OTU4OTEzODY2OA%3D%3D.2-ccb7-5&oh=00_AT8jUpjs-drB1EbTcVe89EvvzzNzVCLrwdhqaArVVW6Wbw&oe=63415905&_nc_sid=30a2ef,2022-10-21 11:05:17.701718,Kozy Couch,kozycouch,mikandnick,Ch0uFifjwzs
0,240,426,https://scontent-bos5-1.cdninstagram.com/v/t51.2885-15/302202948_406197664957665_4872723228044479818_n.jpg?stp=dst-jpg_e15_p240x240&_nc_ht=scontent-bos5-1.cdninstagram.com&_nc_cat=109&_nc_ohc=wcuHJBNiAMQAX_EIDPJ&edm=ALQROFkBAAAA&ccb=7-5&ig_cache_key=MjkxNzc3MjkzMjg0NTY1MTI2MA%3D%3D.2-ccb7-5&oh=00_AT-3fd0SYcMBwpi0R5DDUa5iZh7A2pAoDuN41jpCJqEgRA&oe=6341D48C&_nc_sid=30a2ef,2022-10-21 11:05:17.701718,Kozy Couch,kozycouch,kimberlie.kathleen,Ch-AwX9g8U8
0,360,638,https://scontent-msp1-1.cdninstagram.com/v/t51.2885-15/302296765_3271109153204100_1235946607006738491_n.jpg?stp=dst-jpg_e15_p360x360&_nc_ht=scontent-msp1-1.cdninstagram.com&_nc_cat=100&_nc_ohc=-ZrNsqFXSWMAX-Wjunj&edm=ALQROFkBAAAA&ccb=7-5&ig_cache_key=MjkxNTU5MzMxMzU5Nzk2NTI5OQ%3D%3D.2-ccb7-5&oh=00_AT9z2DFaNOeU7q8pDh9RatcI15CsaNN_-Xd_H7scB9eaTg&oe=6341391A&_nc_sid=30a2ef,2022-10-21 11:05:17.701718,Kozy Couch,kozycouch,vanessa_amonn,Ch2RKvWgsPz
0,360,640,https://scontent-den4-1.cdninstagram.com/v/t51.2885-15/292640752_717904959438317_3732007855147634202_n.jpg?stp=dst-jpg_e15_p360x360&_nc_ht=scontent-den4-1.cdninstagram.com&_nc_cat=105&_nc_ohc=2x39yeVpmMIAX8A1Js9&edm=ALQROFkBAAAA&ccb=7-5&ig_cache_key=Mjg3ODc3OTUwMzgxNjI0OTAyNA%3D%3D.2-ccb7-5&oh=00_AT_CNLZnXmTpIozu9LGLkgrIoOsXHn2GTey_QmOQuTHYYQ&oe=6341AF13&_nc_sid=30a2ef,2022-10-21 11:05:17.701718,Kozy Couch,kozycouch,lifeasmrsbaker,CfzerTPpI7A
0,180,320,https://scontent-den4-1.cdninstagram.com/v/t51.2885-15/292073301_113933357930418_276092305795633501_n.jpg?stp=dst-jpg_e15_p180x180&efg=eyJybWQiOiJpZ19hbmRyb2lkX21vYmlsZV9uZXR3b3JrX3N0YWNrX2xpZ2VyX2NvbXBhdGlibGVfcXVpY19hbGxvd2xpc3RfMTpsaWdlciJ9&_nc_ht=scontent-den4-1.cdninstagram.com&_nc_cat=106&_nc_ohc=RbxF6F3srOgAX8i1tdR&edm=ALQROFkBAAAA&ccb=7-5&ig_cache_key=Mjg3NzA5MzczNTgwNjAxOTcxMg%3D%3D.2-ccb7-5&oh=00_AT8xkjCDhTS_JpSn6Zrm3T6dTV-oGoHYSctWY023hYqBWA&oe=6340B938&_nc_sid=30a2ef,2022-10-21 11:05:17.701718,Kozy Couch,kozycouch,robertsbarndolife,CftfYJcOCiA
0,360,640,https://scontent-ort2-2.cdninstagram.com/v/t51.2885-15/306364492_1060383487964043_3528899801779027252_n.jpg?stp=dst-jpg_e15_p360x360&_nc_ht=scontent-ort2-2.cdninstagram.com&_nc_cat=103&_nc_ohc=xPNmlhNLKhsAX-zRxVX&edm=ALQROFkBAAAA&ccb=7-5&ig_cache_key=MjkyNTc4NjU1Mzk3MDkyMTU2OQ%3D%3D.2-ccb7-5&oh=00_AT-PsuvsXrvD2NbVvyAfJxFUc_dMFjnj90lt51VXTNBcmw&oe=63406F5B&_nc_sid=30a2ef,2022-10-21 11:05:17.701718,Kozy Couch,kozycouch,kallmesam_plustwo,Ciae16ODRBh
0,480,853,https://scontent-den4-1.cdninstagram.com/v/t51.2885-15/301391463_467062888405455_1374461727110780784_n.jpg?stp=dst-jpg_e15_p480x480&efg=eyJybWQiOiJpZ19hbmRyb2lkX21vYmlsZV9uZXR3b3JrX3N0YWNrX2xpZ2VyX2NvbXBhdGlibGVfcXVpY19hbGxvd2xpc3RfMTpsaWdlciJ9&_nc_ht=scontent-den4-1.cdninstagram.com&_nc_cat=103&_nc_ohc=yExHeeryZ40AX8FLorQ&edm=ALQROFkBAAAA&ccb=7-5&ig_cache_key=MjkxNDgxMTY0ODk1MjgyNTg5Nw%3D%3D.2-ccb7-5&oh=00_AT-jzc7Cc8UmiXnrA9pXCbSSH5_WMnEhRJeWndxsh6apPg&oe=63418868&_nc_sid=30a2ef,2022-10-21 11:05:17.701718,Kozy Couch,kozycouch,mymountainretreat,ChzfcBbAPgp
0,1080,720,https://scontent-yyz1-1.cdninstagram.com/v/t51.2885-15/297985791_1320240175171787_5433089759653619292_n.jpg?stp=dst-jpg_e35_s1080x1080&_nc_ht=scontent-yyz1-1.cdninstagram.com&_nc_cat=111&_nc_ohc=UV3NU2xk8eMAX9QbAnT&edm=APGXKFABAAAA&ccb=7-5&ig_cache_key=Mjg5ODk4OTYwMjI3NTQ4MzQ1NA%3D%3D.2-ccb7-5&oh=00_AT-F2nykvLEEd4J3raZGBSE9_x15bjJ7QBtG7w2M4kCwew&oe=6340DA69&_nc_sid=f0cd3e,2022-10-21 11:05:17.701718,Kozy Couch,kozycouch,tammymerecka,Cg7R68LLl8-
1,360,240,https://scontent-yyz1-1.cdninstagram.com/v/t51.2885-15/297985791_1320240175171787_5433089759653619292_n.jpg?stp=dst-jpg_e35_s360x360&_nc_ht=scontent-yyz1-1.cdninstagram.com&_nc_cat=111&_nc_ohc=UV3NU2xk8eMAX9QbAnT&edm=APGXKFABAAAA&ccb=7-5&ig_cache_key=Mjg5ODk4OTYwMjI3NTQ4MzQ1NA%3D%3D.2-ccb7-5&oh=00_AT-aCoROQDWp0pntUzlHkyr5-aLQdeK8yiIzNWTz7wGfIA&oe=6340DA69&_nc_sid=f0cd3e,2022-10-21 11:05:17.701718,Kozy Couch,kozycouch,tammymerecka,Cg7R68LLl8-
0,480,853,https://scontent-den4-1.cdninstagram.com/v/t51.2885-15/292663350_1123102171573794_8797931472573294311_n.jpg?stp=dst-jpg_e15_p480x480&_nc_ht=scontent-den4-1.cdninstagram.com&_nc_cat=106&_nc_ohc=Fpe9LyjBVXcAX9ptO3n&edm=ALQROFkBAAAA&ccb=7-5&ig_cache_key=Mjg4MDM5MTQwNDQ2MTMzNjA2OQ%3D%3D.2-ccb7-5&oh=00_AT-681D4y8VIw9iYB1a_tXTXjGhchefymnjZuoU1VLcduA&oe=6341D489&_nc_sid=30a2ef,2022-10-21 11:05:17.701718,Kozy Couch,kozycouch,tammymerecka,Cf5NLitAaYF
0,360,640,https://scontent-lga3-1.cdninstagram.com/v/t51.2885-15/301676395_402126205360400_6520781235055439466_n.jpg?stp=dst-jpg_e15_p360x360&_nc_ht=scontent-lga3-1.cdninstagram.com&_nc_cat=108&_nc_ohc=8pzq1owPS1gAX8UYsXC&edm=ALQROFkBAAAA&ccb=7-5&ig_cache_key=MjkxNDkzNjA1OTU2Mjg4NDUxNQ%3D%3D.2-ccb7-5&oh=00_AT_4SMQf6H23_vbXV2Srjtf3IH9sWoocZCMdVzwxDqSSvA&oe=6340C59C&_nc_sid=30a2ef,2022-10-21 11:05:17.701718,Kozy Couch,kozycouch,britneylaurenamarin,Chz7ub1OP2j
0,240,427,https://scontent-lga3-1.cdninstagram.com/v/t51.2885-15/295557640_765531821258168_5068028205639508845_n.jpg?stp=dst-jpg_e15_p240x240&efg=eyJybWQiOiJpZ19hbmRyb2lkX21vYmlsZV9uZXR3b3JrX3N0YWNrX2xpZ2VyX2NvbXBhdGlibGVfcXVpY19hbGxvd2xpc3RfMTpjb250cm9sIn0&_nc_ht=scontent-lga3-1.cdninstagram.com&_nc_cat=108&_nc_ohc=PumBF4483boAX-C4qkH&edm=ALQROFkBAAAA&ccb=7-5&ig_cache_key=Mjg5MTI2NTMwNDAxMjY4NTg5Mw%3D%3D.2-ccb7-5&oh=00_AT-1h3jk6wr30ouLWYB8cEjKWsVlRllMbIvqKdfCmTDE1A&oe=6340D588&_nc_sid=30a2ef,2022-10-21 11:05:17.701718,Kozy Couch,kozycouch,ocjackieo,Cgf1nm1FoJF
0,360,640,https://scontent-lga3-1.cdninstagram.com/v/t51.2885-15/292188259_136133715479989_6768713610540045385_n.jpg?stp=dst-jpg_e15_p360x360&_nc_ht=scontent-lga3-1.cdninstagram.com&_nc_cat=101&_nc_ohc=DJozHxCsSU8AX8bipGk&edm=ALQROFkBAAAA&ccb=7-5&ig_cache_key=Mjg3NzIzODk5MDQ4OTg5NDI2MA%3D%3D.2-ccb7-5&oh=00_AT-DTDI3snuMTWiwCTTh3fa--iJj6luZqS-GC3taiLhGkA&oe=6341E514&_nc_sid=30a2ef,2022-10-21 11:05:17.701718,Kozy Couch,kozycouch,marisellabella,CfuAZ4aDb10
0,360,640,https://scontent-lga3-1.cdninstagram.com/v/t51.2885-15/301679638_381554574138356_4782594617372686919_n.jpg?stp=dst-jpg_e15_p360x360&_nc_ht=scontent-lga3-1.cdninstagram.com&_nc_cat=108&_nc_ohc=6CrFjJkVH1MAX8AYpS5&edm=ALQROFkBAAAA&ccb=7-5&ig_cache_key=MjkxNTU1ODk1ODE2NTk1OTk5NA%3D%3D.2-ccb7-5&oh=00_AT9LHhmdQK4gelbyndGnAz4XbxAPLALLVJp-Uvr0d2VMZw&oe=6340AD1B&_nc_sid=30a2ef,2022-10-21 11:05:17.701718,Kozy Couch,kozycouch,messiboymom,Ch2JWzXMKU6
0,360,640,https://scontent-ord5-1.cdninstagram.com/v/t51.2885-15/292783031_1074590259812962_6545555239227084177_n.jpg?stp=dst-jpg_e15_p360x360&_nc_ht=scontent-ord5-1.cdninstagram.com&_nc_cat=110&_nc_ohc=Qv028-ZSqR4AX98-TLp&edm=ALQROFkBAAAA&ccb=7-5&ig_cache_key=Mjg4MDc1Njk4Mzk1ODMzODQwOQ%3D%3D.2-ccb7-5&oh=00_AT-gTPn_FjBR04Tqrie3RZ9kPWpmtA46tjpne_aI74fwQQ&oe=63423AD0&_nc_sid=30a2ef,2022-10-21 11:05:17.701718,Kozy Couch,kozycouch,jamiesjoness,Cf6gTbJD_tp
0,240,426,https://scontent-yyz1-1.cdninstagram.com/v/t51.2885-15/300944853_122463130539662_1007135037654166639_n.jpg?stp=dst-jpg_e15_p240x240&_nc_ht=scontent-yyz1-1.cdninstagram.com&_nc_cat=102&_nc_ohc=bt1gZQcrDcIAX-e1HxD&edm=ALQROFkBAAAA&ccb=7-5&ig_cache_key=MjkxMjczMjk5NDAzNTY2NzY4MA%3D%3D.2-ccb7-5&oh=00_AT_j32pSTCsLxyyyHQsgHguq9npSB6Bi0uycuUfLyQKIIQ&oe=6341C406&_nc_sid=30a2ef,2022-10-21 11:05:17.701718,Kozy Couch,kozycouch,edenolivia.com_,ChsGznLDlLg
0,240,426,https://scontent-den4-1.cdninstagram.com/v/t51.2885-15/302151904_1315667612300359_6736795362013608017_n.jpg?stp=dst-jpg_e15_p240x240&_nc_ht=scontent-den4-1.cdninstagram.com&_nc_cat=107&_nc_ohc=y9dA8Z6zpvIAX8eTEXC&edm=ALQROFkBAAAA&ccb=7-5&ig_cache_key=MjkxNTY4NjkwNTk4NTQ0NzY0NA%3D%3D.2-ccb7-5&oh=00_AT8YKmtnVfgWiBPM-9viq-2rCNv264GZyzbCPWubPcrpkw&oe=6340B82E&_nc_sid=30a2ef,2022-10-21 11:05:17.701718,Kozy Couch,kozycouch,lyndseydickerson,Ch2mcsDhTbc
0,480,853,https://scontent-den4-1.cdninstagram.com/v/t51.2885-15/306806419_805655203902991_6816772845680741771_n.jpg?stp=dst-jpg_e15_p480x480&_nc_ht=scontent-den4-1.cdninstagram.com&_nc_cat=107&_nc_ohc=PkWB3zGz4pMAX9LgmJm&edm=ALQROFkBAAAA&ccb=7-5&ig_cache_key=MjkyODA1OTQxMzE5MjAwOTkwNw%3D%3D.2-ccb7-5&oh=00_AT9WfQbuJI1rW-Z0Q1yyQFT_3L7zMuHpaYs6Hey_0LNunw&oe=63425E8B&_nc_sid=30a2ef,2022-10-21 11:05:17.701718,Jack Archer,jack.archer,theregoesjonathan,CiijoXUjGiz
0,360,640,https://scontent-ord5-1.cdninstagram.com/v/t51.2885-15/306954881_103688135794290_1028290284095092781_n.jpg?stp=dst-jpg_e15_p360x360&_nc_ht=scontent-ord5-1.cdninstagram.com&_nc_cat=106&_nc_ohc=abhFSBm6Y8oAX8Lxk8S&edm=ALQROFkBAAAA&ccb=7-5&ig_cache_key=MjkyODAzMzY5NTY3NDUxNjQ1Mg%3D%3D.2-ccb7-5&oh=00_AT-kMuHZv8SL1EPDN_d52Qo-BKGYPKOfVPf2_WQvIznENg&oe=6340FC98&_nc_sid=30a2ef,2022-10-21 11:05:17.701718,Jack Archer,jack.archer,theregoesjonathan,CiidyIBDcPk
0,360,638,https://scontent-den4-1.cdninstagram.com/v/t51.2885-15/306330236_1693473414360818_4449595824644977163_n.jpg?stp=dst-jpg_e15_p360x360&efg=eyJybWQiOiJpZ19hbmRyb2lkX21vYmlsZV9uZXR3b3JrX3N0YWNrX2xpZ2VyX2NvbXBhdGlibGVfcXVpY19hbGxvd2xpc3RfMTptbnNfZGVmYXVsdCJ9&_nc_ht=scontent-den4-1.cdninstagram.com&_nc_cat=102&_nc_ohc=YXJ1BOnI-TAAX8f1PSC&edm=ALQROFkBAAAA&ccb=7-5&ig_cache_key=MjkyNDA1MDM4NDc4ODgxNzQ0Ng%3D%3D.2-ccb7-5&oh=00_AT9_oSb4Ub1uma14XkGR2Rosu3XalamM-1xKw7VLPBK_7Q&oe=63415C89&_nc_sid=30a2ef,2022-10-21 11:05:17.701718,Jack Archer,jack.archer,tylraustin,CiUUFUqroYm
0,360,640,https://scontent-ord5-1.cdninstagram.com/v/t51.2885-15/306236535_606773657585826_2516228748482463168_n.jpg?stp=dst-jpg_e15_p360x360&_nc_ht=scontent-ord5-1.cdninstagram.com&_nc_cat=106&_nc_ohc=xRAHc9YF4KYAX_bItQj&edm=ALQROFkBAAAA&ccb=7-5&ig_cache_key=MjkyNjM2MDkzODI1MTM4MDQ2Mw%3D%3D.2-ccb7-5&oh=00_AT8ksbKEbpvZloY17XZANhdV9gQyxteN2KKKZaVj3X9SSQ&oe=63415962&_nc_sid=30a2ef,2022-10-21 11:05:17.701718,Ecletticos,ecletticos,josie_ely,CichcTRDWbv
0,360,621,https://scontent-ort2-2.cdninstagram.com/v/t51.2885-15/302417291_555571812983008_4807095985515175830_n.jpg?stp=dst-jpg_e15_p360x360&_nc_ht=scontent-ort2-2.cdninstagram.com&_nc_cat=104&_nc_ohc=cfGHXqjMlOEAX-uu69B&edm=ALQROFkBAAAA&ccb=7-5&ig_cache_key=MjkxNzc5MjE5OTU2MDI1MjU1NA%3D%3D.2-ccb7-5&oh=00_AT-C3Bx_mjxVpvc_VuMx-BxHeTdChL9KBRJUkg4jt3PlpQ&oe=6340EC75&_nc_sid=30a2ef,2022-10-21 11:05:17.701718,Ecletticos,ecletticos,satisfylagoon,Ch-FIvfMcyK
0,160,284,https://scontent-hou1-1.cdninstagram.com/v/t51.2885-15/306232812_1575441322879601_2482699801710727529_n.jpg?stp=dst-jpg_e15_p160x160&efg=eyJybWQiOiJpZ19hbmRyb2lkX21vYmlsZV9uZXR3b3JrX3N0YWNrX25vX2xpZ2VyX3JldHJ5X3FwbDptbnNfbm9fcmV0cnkifQ&_nc_ht=scontent-hou1-1.cdninstagram.com&_nc_cat=105&_nc_ohc=stlOzKiVQIwAX8bddtL&edm=ALQROFkBAAAA&ccb=7-5&ig_cache_key=MjkyNjAyMzg4ODU5NTY5OTAzMA%3D%3D.2-ccb7-5&oh=00_AT84dNuK3pSIilqFYiqsNeZmTaaxl9v42JHNS_FB4my6JA&oe=6340B92A&_nc_sid=30a2ef,2022-10-21 11:05:17.701718,Necklow,necklowco,labor_nurse_christina,CibUzlUDcVW
0,360,639,https://scontent-lga3-2.cdninstagram.com/v/t51.2885-15/307724503_2950186288461161_3392586743946512931_n.jpg?stp=dst-jpg_e15_p360x360&efg=eyJybWQiOiJpZ19hbmRyb2lkX21vYmlsZV9uZXR3b3JrX3N0YWNrX2xpZ2VyX2NvbXBhdGlibGVfcXVpY19hbGxvd2xpc3RfMTpjb250cm9sIn0&_nc_ht=scontent-lga3-2.cdninstagram.com&_nc_cat=105&_nc_ohc=DHeufZh1NvEAX9ZO83Q&edm=ALQROFkBAAAA&ccb=7-5&ig_cache_key=MjkzMTU1NDkyMDY4MDY1NzE5OA%3D%3D.2-ccb7-5&oh=00_AT9ymkcMUD1jZgLrMi_jY0qWsO6K97fLa_gRI4tkzLmjOA&oe=6340FC52&_nc_sid=30a2ef,2022-10-21 11:05:17.701718,Necklow,necklowco,raisa.bullard,Ciu-asWuBEu
0,480,639,https://scontent-den4-1.cdninstagram.com/v/t51.2885-15/305495353_1201987033711453_5099257396778505299_n.jpg?stp=dst-jpg_e15_p480x480&_nc_ht=scontent-den4-1.cdninstagram.com&_nc_cat=101&_nc_ohc=mS1NXbGNPUgAX9Aj670&edm=ALQROFkBAAAA&ccb=7-5&ig_cache_key=MjkyMjA5MzIzNDY3MTk0ODc1OA%3D%3D.2-ccb7-5&oh=00_AT-_w0l9r6ITFLGkC1iRiqYxk42Gv5v6SEiLgMliKCGBgQ&oe=63422B08&_nc_sid=30a2ef,2022-10-21 11:05:17.701718,Necklow,necklowco,happilyheatherj,CiNXFClMZPW
0,240,427,https://scontent-den4-1.cdninstagram.com/v/t51.2885-15/305069855_642801533775286_3931383943601595924_n.jpg?stp=dst-jpg_e15_p240x240&_nc_ht=scontent-den4-1.cdninstagram.com&_nc_cat=110&_nc_ohc=Um6Q6MIT1eoAX_iRF0o&edm=APGXKFABAAAA&ccb=7-5&ig_cache_key=MjkyMTQ2NDI3MjE4NjUxNDgzMg%3D%3D.2-ccb7-5&oh=00_AT_NAa0DQb7khazqg9NcqYKwiuqIhUnShjZqaANBD2xCPw&oe=63416D44&_nc_sid=f0cd3e,2022-10-21 11:05:17.701718,Necklow,necklowco,peedi_c,CiLIEbnrB2Q
0,360,640,https://scontent-den4-1.cdninstagram.com/v/t51.2885-15/305269226_5402845536489257_5380754380720240949_n.jpg?stp=dst-jpg_e15_p360x360&_nc_ht=scontent-den4-1.cdninstagram.com&_nc_cat=105&_nc_ohc=3ki4p08a10UAX9N9RnP&edm=ALQROFkBAAAA&ccb=7-5&ig_cache_key=MjkyMTY5NDcyODYzMjA3MjgxNA%3D%3D.2-ccb7-5&oh=00_AT8i8sm0CLon4SyZt7meiYhWCvqfI5aHvDUlm-5KnVJj2g&oe=6341544C&_nc_sid=30a2ef,2022-10-21 11:05:17.701718,Necklow,necklowco,stylishpharmacist,CiL8eA6Pvpu
0,360,640,https://scontent-ord5-1.cdninstagram.com/v/t51.2885-15/306391537_582474010280202_8706256933949900444_n.jpg?stp=dst-jpg_e15_p360x360&_nc_ht=scontent-ord5-1.cdninstagram.com&_nc_cat=106&_nc_ohc=v-UImwrq5pQAX8GGZOc&edm=ALQROFkBAAAA&ccb=7-5&ig_cache_key=MjkyNjQyODEyMDM5MjM0MTU1Mg%3D%3D.2-ccb7-5&oh=00_AT-RHSE9k-c4IRcPGTN-xEgXLosg27tBsv-TR3AH2aHrwQ&oe=6341D81F&_nc_sid=30a2ef,2022-10-21 11:05:17.701718,Necklow,necklowco,avaireland729,Cicwt7gsxgw
0,360,640,https://scontent-den4-1.cdninstagram.com/v/t51.2885-15/307122537_1052578458778658_6550553183613308295_n.jpg?stp=dst-jpg_e15_p360x360&_nc_ht=scontent-den4-1.cdninstagram.com&_nc_cat=102&_nc_ohc=fQiynWYzFLQAX9cqZKs&edm=ALQROFkBAAAA&ccb=7-5&ig_cache_key=MjkzMDA3NjcwMjk3OTM5NzM4Mw%3D%3D.2-ccb7-5&oh=00_AT-B3FIzxodyOdeWT1ze12vbEsBy6mWJfYwPf-S6ERMM7w&oe=63415C0B&_nc_sid=30a2ef,2022-10-21 11:05:17.701718,Necklow,necklowco,avaireland729,CipuTy1vBcH
0,360,640,https://scontent-lga3-1.cdninstagram.com/v/t51.2885-15/301100163_1105029733752256_4368127014666170386_n.jpg?stp=dst-jpg_e15_p360x360&_nc_ht=scontent-lga3-1.cdninstagram.com&_nc_cat=104&_nc_ohc=f4JZcA_YG2kAX8Wl3aA&edm=ALQROFkBAAAA&ccb=7-5&ig_cache_key=MjkxMzAzMDkxODA1MTU2NzQ4OA%3D%3D.2-ccb7-5&oh=00_AT-hkRY6d0YBR1677e2dpFp-oBSwps8OS_fBi-MplQjh-w&oe=6341989C&_nc_sid=30a2ef,2022-10-21 11:05:17.701718,Beauty Melanin,beauty_melanin_,callaqhill,ChtKi-iMZeA
0,240,427,https://scontent-ort2-2.cdninstagram.com/v/t51.2885-15/300580306_483124963628864_4548864045823152097_n.jpg?stp=dst-jpg_e15_p240x240&_nc_ht=scontent-ort2-2.cdninstagram.com&_nc_cat=108&_nc_ohc=bAKW7iMQfnAAX9uBpeH&edm=ALQROFkBAAAA&ccb=7-5&ig_cache_key=MjkxMDQ4OTI5OTEwMjA4MTQ1Mw%3D%3D.2-ccb7-5&oh=00_AT8Z48KbpBDDlCV9ShUEtSRxnJWTG5g10_gdswEOMWBmNg&oe=63408E9E&_nc_sid=30a2ef,2022-10-21 11:05:17.701718,Beauty Melanin,beauty_melanin_,mskaimichelle,ChkIpjbjiGt
0,160,285,https://scontent-lga3-2.cdninstagram.com/v/t51.2885-15/300574452_806296467065189_5731530500929600949_n.jpg?stp=dst-jpg_e15_p160x160&_nc_ht=scontent-lga3-2.cdninstagram.com&_nc_cat=105&_nc_ohc=MxUN26MCTAkAX8W_j-k&edm=ALQROFkBAAAA&ccb=7-5&ig_cache_key=MjkxMTIxNTEzMTQ4NzM3MTQyMw%3D%3D.2-ccb7-5&oh=00_AT_o1sQCKLAQKs4luUaEKVNpjZMZCEeFFzuG0VCbM3-dEQ&oe=63414E44&_nc_sid=30a2ef,2022-10-21 11:05:17.701718,Beauty Melanin,beauty_melanin_,mskaimichelle,ChmtrzhDACf
0,360,639,https://scontent-den4-1.cdninstagram.com/v/t51.2885-15/306714495_644052587036761_4665698556246014006_n.jpg?stp=dst-jpg_e15_p360x360&_nc_ht=scontent-den4-1.cdninstagram.com&_nc_cat=101&_nc_ohc=FC48OMKZyRkAX_U-u9S&edm=ALQROFkBAAAA&ccb=7-5&ig_cache_key=MjkyNjQ4OTAxODc4MDc5NzkxMDQxNjUxOTMwNzI1MjI0OA%3D%3D.2-ccb7-5&oh=00_AT-JeLHpO7WToFXoQ-3EYO4ZewFlhUzc4_UU59z9Qyt01A&oe=6341CF67&_nc_sid=30a2ef,2022-10-21 11:05:17.701718,Beauty Melanin,beauty_melanin_,bpeppersart,Cic-kHjgsvW
0,1080,810,https://scontent-yyz1-1.cdninstagram.com/v/t51.2885-15/301179350_151836700801108_2245847094201166769_n.jpg?stp=dst-jpg_e35_s1080x1080&_nc_ht=scontent-yyz1-1.cdninstagram.com&_nc_cat=104&_nc_ohc=zExjqX7gQzAAX9Bzzgu&edm=ALQROFkBAAAA&ccb=7-5&ig_cache_key=MjkxMzgwMTk4NTc1MzY5MDM0OA%3D%3D.2-ccb7-5&oh=00_AT92bGXBjG8f2aDvejIA_D9dB-3IB_M6LeDK-7L7utnkZQ&oe=63415A11&_nc_sid=30a2ef,2022-10-21 11:05:17.701718,Beauty Melanin,beauty_melanin_,theankitaagrawal,Chv53fSrTDs
1,320,240,https://scontent-yyz1-1.cdninstagram.com/v/t51.2885-15/301179350_151836700801108_2245847094201166769_n.jpg?stp=dst-jpg_e35_s320x320&_nc_ht=scontent-yyz1-1.cdninstagram.com&_nc_cat=104&_nc_ohc=zExjqX7gQzAAX9Bzzgu&edm=ALQROFkBAAAA&ccb=7-5&ig_cache_key=MjkxMzgwMTk4NTc1MzY5MDM0OA%3D%3D.2-ccb7-5&oh=00_AT-JwrLXzRmJDvfljoJkjbJRca0h1hR0CkAetV4F5bQWfw&oe=63415A11&_nc_sid=30a2ef,2022-10-21 11:05:17.701718,Beauty Melanin,beauty_melanin_,theankitaagrawal,Chv53fSrTDs
0,360,640,https://scontent-den4-1.cdninstagram.com/v/t51.2885-15/293293447_596277971880630_2353135230057039118_n.jpg?stp=dst-jpg_e15_p360x360&_nc_ht=scontent-den4-1.cdninstagram.com&_nc_cat=106&_nc_ohc=jle_3P6f8FIAX-inZQx&edm=ALQROFkBAAAA&ccb=7-5&ig_cache_key=Mjg4MzEwNzI3MjU1OTM5NDM5MQ%3D%3D.2-ccb7-5&oh=00_AT_T4YpUBixxx1pp5WA3cXp7RREnwooWAkgpDZz8iE_CNg&oe=63423D87&_nc_sid=30a2ef,2022-10-21 11:05:17.701718,Hereafter,from_hereafter,ashleynelltipton,CgC2sn-P35X
0,360,640,https://scontent-den4-1.cdninstagram.com/v/t51.2885-15/295549566_576829554054263_5741804869064079128_n.jpg?stp=dst-jpg_e15_p360x360&_nc_ht=scontent-den4-1.cdninstagram.com&_nc_cat=111&_nc_ohc=ghJsdjmNf7AAX-NBXm5&edm=ALQROFkBAAAA&ccb=7-5&ig_cache_key=Mjg4OTYyMzU4Mzk2MDU5MDk1Nw%3D%3D.2-ccb7-5&oh=00_AT_NaIBKh35xNKQUAO_3Xk_GPTw-mBnDD9J42HCbQ8XQ7A&oe=63412BB8&_nc_sid=30a2ef,2022-10-21 11:05:17.701718,Hereafter,from_hereafter,the_vintage_bombshell,CgaAVb4j-pt
0,240,427,https://scontent-iad3-1.cdninstagram.com/v/t51.2885-15/308021596_379451287735712_6066991970642611736_n.jpg?stp=dst-jpg_e15_p240x240&_nc_ht=scontent-iad3-1.cdninstagram.com&_nc_cat=108&_nc_ohc=OJcbAuoKT60AX9uaW5g&edm=ALQROFkBAAAA&ccb=7-5&ig_cache_key=MjkzMDkwMzY3NjcyNjA1MTYxOA%3D%3D.2-ccb7-5&oh=00_AT-JPR1ugbpLg9fNkLFEaEFsb0V7i32d9dTE72S8P6rD4g&oe=6340B764&_nc_sid=30a2ef,2022-10-21 11:05:17.701718,Hereafter,from_hereafter,oxmxl,CisqV2KJIMi
0,360,640,https://scontent-lga3-1.cdninstagram.com/v/t51.2885-15/307142172_1748472802191952_2014465460512541893_n.jpg?stp=dst-jpg_e15_p360x360&_nc_ht=scontent-lga3-1.cdninstagram.com&_nc_cat=104&_nc_ohc=FHUhwfmM-WQAX8G_2Aq&edm=APGXKFABAAAA&ccb=7-5&ig_cache_key=MjkyNzQ0OTg0NTE3NzEzNTU5MQ%3D%3D.2-ccb7-5&oh=00_AT8Q-_L0mRTRxC1mfNKOvbyiMOGoK4qEMukCWp2clMUmBQ&oe=63414C57&_nc_sid=f0cd3e,2022-10-21 11:05:17.701718,Hereafter,from_hereafter,mel77wa,CigZB-3jjHn
0,1440,1801,https://scontent-den4-1.cdninstagram.com/v/t51.2885-15/309216282_419179693632346_6196239088846815867_n.webp?stp=dst-jpg_e35&_nc_ht=scontent-den4-1.cdninstagram.com&_nc_cat=110&_nc_ohc=9rz9eAZpsAgAX_NfI15&edm=ALQROFkBAAAA&ccb=7-5&ig_cache_key=MjkzODA1NzI1MTE1MTkzOTgyNw%3D%3D.2-ccb7-5&oh=00_AT_7py6A5YcmR9_lTP8PP7_t6hy0GDhy6K8BU2RpCJR5CA&oe=63419B39&_nc_sid=30a2ef,2022-10-21 11:05:17.701718,Hereafter,from_hereafter,momentswithmellissa,CjGE4DgrAjz
1,480,600,https://scontent-den4-1.cdninstagram.com/v/t51.2885-15/309216282_419179693632346_6196239088846815867_n.webp?stp=dst-jpg_e35_p480x480&_nc_ht=scontent-den4-1.cdninstagram.com&_nc_cat=110&_nc_ohc=9rz9eAZpsAgAX_NfI15&edm=ALQROFkBAAAA&ccb=7-5&ig_cache_key=MjkzODA1NzI1MTE1MTkzOTgyNw%3D%3D.2-ccb7-5&oh=00_AT_WP8W4zszoD0YnzREeJQN3-up882wQlFB9WK913IBGnQ&oe=63419B39&_nc_sid=30a2ef,2022-10-21 11:05:17.701718,Hereafter,from_hereafter,momentswithmellissa,CjGE4DgrAjz
0,360,640,https://scontent-yyz1-1.cdninstagram.com/v/t51.2885-15/300817446_156930266946385_357173060833572404_n.jpg?stp=dst-jpg_e15_p360x360&_nc_ht=scontent-yyz1-1.cdninstagram.com&_nc_cat=101&_nc_ohc=o8fBY3oeZF0AX_XEk7p&edm=ALQROFkBAAAA&ccb=7-5&ig_cache_key=MjkxMjA5MjM3NzQ2MDM4NzI2Nw%3D%3D.2-ccb7-5&oh=00_AT9rpRlPzOJl9x43v8f_WnZX_45MLh9vmJgqrzrA2Ksn4g&oe=63415ABB&_nc_sid=30a2ef,2022-10-21 11:05:17.701718,Hereafter,from_hereafter,kimreed930,Chp1Jafpi3D
0,240,427,https://scontent-yyz1-1.cdninstagram.com/v/t51.2885-15/301862808_641052247445041_7892434385874644305_n.jpg?stp=dst-jpg_e15_p240x240&_nc_ht=scontent-yyz1-1.cdninstagram.com&_nc_cat=101&_nc_ohc=g_ATRvcjJPgAX-QJW7f&edm=ALQROFkBAAAA&ccb=7-5&ig_cache_key=MjkxMzM1ODEzNjA5NjMxODg1NQ%3D%3D.2-ccb7-5&oh=00_AT_3FW9Qng9WjWTWFJhteIr8IRTCA6GyE9jmuGOugDoOSg&oe=63412F88&_nc_sid=30a2ef,2022-10-21 11:05:17.701718,Hereafter,from_hereafter,just_janci,ChuU8oFg-WH
0,480,853,https://scontent-den4-1.cdninstagram.com/v/t51.2885-15/308033388_412212521025058_5331303512716064042_n.jpg?stp=dst-jpg_e15_p480x480&_nc_ht=scontent-den4-1.cdninstagram.com&_nc_cat=110&_nc_ohc=wj1x3V5jvhQAX9HIitE&edm=ALQROFkBAAAA&ccb=7-5&ig_cache_key=MjkzMTg1NTg4ODE0NTY4NTExNg%3D%3D.2-ccb7-5&oh=00_AT82fjgMDC1f9XlAfs0y3LtyUYjFDlyaEK0zgIN__TLFBA&oe=63422E4F&_nc_sid=30a2ef,2022-10-21 11:05:17.701718,Hereafter,from_hereafter,haleymarie666,CiwC2WJj5p8
0,360,638,https://scontent-lga3-1.cdninstagram.com/v/t51.2885-15/301743936_550761186735986_2257905872092104765_n.jpg?stp=dst-jpg_e15_p360x360&_nc_ht=scontent-lga3-1.cdninstagram.com&_nc_cat=102&_nc_ohc=8L9XZ1KqLNgAX8llCrP&edm=APGXKFABAAAA&ccb=7-5&ig_cache_key=MjkxNTY3MDY0MzU4OTc0Mzg1NQ%3D%3D.2-ccb7-5&oh=00_AT-Wz3YvjKUbHIDewlPoP6i3cBui04l6x8XtvwFz_5bmDg&oe=6341528B&_nc_sid=f0cd3e,2022-10-21 11:05:17.701718,Hereafter,from_hereafter,darlingstrong,Ch2iwChM4Tv
0,1080,1350,https://scontent-den4-1.cdninstagram.com/v/t51.2885-15/305560873_610904963773544_9095340452497988698_n.jpg?stp=dst-jpg_e35_p1080x1080&_nc_ht=scontent-den4-1.cdninstagram.com&_nc_cat=108&_nc_ohc=UzGez4L72jwAX8WJkfD&edm=ALQROFkBAAAA&ccb=7-5&ig_cache_key=MjkyMjk1NTUyNTAwNDI0NTY3OA%3D%3D.2-ccb7-5&oh=00_AT-p_l5VVf4pfJCC2vaFpl0YJ9IL3y_FYkI11Wbp0HcDvQ&oe=6340FCC1&_nc_sid=30a2ef,2022-10-21 11:05:17.701718,Hereafter,from_hereafter,darlingstrong,CiQbJBCJLqu
1,360,450,https://scontent-den4-1.cdninstagram.com/v/t51.2885-15/305560873_610904963773544_9095340452497988698_n.jpg?stp=dst-jpg_e35_p360x360&_nc_ht=scontent-den4-1.cdninstagram.com&_nc_cat=108&_nc_ohc=UzGez4L72jwAX8WJkfD&edm=ALQROFkBAAAA&ccb=7-5&ig_cache_key=MjkyMjk1NTUyNTAwNDI0NTY3OA%3D%3D.2-ccb7-5&oh=00_AT-odxazRt2Aj6AKvDi6yjDxKyl77n91QkO0y5Rakskkcw&oe=6340FCC1&_nc_sid=30a2ef,2022-10-21 11:05:17.701718,Hereafter,from_hereafter,darlingstrong,CiQbJBCJLqu
0,360,640,https://scontent-bos5-1.cdninstagram.com/v/t51.2885-15/300694623_603649354738603_777029750116472055_n.jpg?stp=dst-jpg_e15_p360x360&efg=eyJybWQiOiJpZ19hbmRyb2lkX21vYmlsZV9uZXR3b3JrX3N0YWNrX2xpZ2VyX2NvbXBhdGlibGVfcXVpY19hbGxvd2xpc3RfMTptbnNfcXVpY19hbGxvd2xpc3QifQ&_nc_ht=scontent-bos5-1.cdninstagram.com&_nc_cat=107&_nc_ohc=lznMMPvMaQ8AX_DozlZ&edm=ALQROFkBAAAA&ccb=7-5&ig_cache_key=MjkxMTUyMDYyNTUyMjczNzkwMw%3D%3D.2-ccb7-5&oh=00_AT-AWvnRB9ROTY2_r0DOdS8s8kqmeqdQUZjwTrJyeKS6bg&oe=634258B6&_nc_sid=30a2ef,2022-10-21 11:05:17.701718,Hereafter,from_hereafter,kclynnmusic,ChnzJVAgYLv
0,240,427,https://scontent-den4-1.cdninstagram.com/v/t51.2885-15/293452132_1153444912177779_1869777342674977115_n.jpg?stp=dst-jpg_e15_p240x240&_nc_ht=scontent-den4-1.cdninstagram.com&_nc_cat=103&_nc_ohc=wnG6ljcyyncAX-3iaag&edm=ALQROFkBAAAA&ccb=7-5&ig_cache_key=Mjg4MjI3MDUzMzM5NTk2OTQ2MQ%3D%3D.2-ccb7-5&oh=00_AT-dWUrrHh6KMMw6vgbuOMac3dtk-Xc_6I_OTdcqByQQkQ&oe=6341C7F2&_nc_sid=30a2ef,2022-10-21 11:05:17.701718,Hereafter,from_hereafter,patrianasonia,Cf_4cd5pHW1
0,240,426,https://scontent-den4-1.cdninstagram.com/v/t51.2885-15/306845547_3357257051261598_5526518394381035437_n.jpg?stp=dst-jpg_e15_p240x240&_nc_ht=scontent-den4-1.cdninstagram.com&_nc_cat=106&_nc_ohc=EDKv1ZWarvwAX_2IO3n&edm=APGXKFABAAAA&ccb=7-5&ig_cache_key=MjkyNzkxNjQyOTIzNzYyMDM4OQ%3D%3D.2-ccb7-5&oh=00_AT84GWGq2pxssbOuA4S4aF5jsWSSc9Ut-wcUU-N9t6dUQA&oe=634129F3&_nc_sid=f0cd3e,2022-10-21 11:05:17.701718,Hereafter,from_hereafter,patrianasonia,CiiDHrIvQ6l
0,480,853,https://scontent-lga3-2.cdninstagram.com/v/t51.2885-15/302502851_820428185648889_5423279809339500360_n.jpg?stp=dst-jpg_e15_p480x480&_nc_ht=scontent-lga3-2.cdninstagram.com&_nc_cat=109&_nc_ohc=L8xCamuIpiQAX93N6qy&edm=ALQROFkBAAAA&ccb=7-5&ig_cache_key=MjkxNjM1MTk5NTc3NDU1ODI0MA%3D%3D.2-ccb7-5&oh=00_AT-LZ767HoHmYbNi6a_dd_-UFFUR3CO-Gr5_Z02PvAjD1A&oe=63408B99&_nc_sid=30a2ef,2022-10-21 11:05:17.701718,Hereafter,from_hereafter,amanda.bloomquist,Ch49rBMJOAg
0,240,427,https://scontent-ort2-2.cdninstagram.com/v/t51.2885-15/301604886_635515424599410_628637874822661339_n.jpg?stp=dst-jpg_e15_p240x240&_nc_ht=scontent-ort2-2.cdninstagram.com&_nc_cat=106&_nc_ohc=V5ROSDbgwzQAX-vvSvy&edm=ALQROFkBAAAA&ccb=7-5&ig_cache_key=MjkxMjk1MjgwNjM0NDU2NzQ4NQ%3D%3D.2-ccb7-5&oh=00_AT_gXgumNyfA0BEjdLTgNkVGMpeQeWcOQ31AkvLO6_DWTg&oe=63410B2D&_nc_sid=30a2ef,2022-10-21 11:05:17.701718,Hereafter,from_hereafter,harpergraemusic,Chs4yTVpSq9
0,240,426,https://scontent-yyz1-1.cdninstagram.com/v/t51.2885-15/306165618_755575219070098_4316103213044968619_n.jpg?stp=dst-jpg_e15_p240x240&_nc_ht=scontent-yyz1-1.cdninstagram.com&_nc_cat=110&_nc_ohc=zeUKhlzzuYAAX-2x7td&edm=ALQROFkBAAAA&ccb=7-5&ig_cache_key=MjkyNDU3MTc2NTg1ODg4NDY0Mw%3D%3D.2-ccb7-5&oh=00_AT8ULJ9IFlKt8kqyrdJuGMikpxooPggydr8MrVpB25jXzg&oe=634151D5&_nc_sid=30a2ef,2022-10-21 11:05:17.701718,Hereafter,from_hereafter,harpergraemusic,CiWKoaoJ9wj
0,360,640,https://scontent-den4-1.cdninstagram.com/v/t51.2885-15/300803826_1113394802905133_4930172882159261930_n.jpg?stp=dst-jpg_e15_p360x360&efg=eyJybWQiOiJpZ19hbmRyb2lkX21vYmlsZV9uZXR3b3JrX3N0YWNrX2xpZ2VyX2NvbXBhdGlibGVfcXVpY19hbGxvd2xpc3RfMTpjb250cm9sIn0&_nc_ht=scontent-den4-1.cdninstagram.com&_nc_cat=105&_nc_ohc=rGgw_jyYAmkAX-6N6fd&edm=ALQROFkBAAAA&ccb=7-5&ig_cache_key=MjkxMjIwNDI3OTQwMzY5MDMzNQ%3D%3D.2-ccb7-5&oh=00_AT9T1Mp4HUQsI4BNNQHt5ucg90DPE_uiojYPn_mdRPt7rQ&oe=6341ADA5&_nc_sid=30a2ef,2022-10-21 11:05:17.701718,Hereafter,from_hereafter,jamieeastonn,ChqOlzTOrlf
0,360,640,https://scontent-iad3-1.cdninstagram.com/v/t51.2885-15/306005782_162315913134183_6957125577646979086_n.jpg?stp=dst-jpg_e15_p360x360&_nc_ht=scontent-iad3-1.cdninstagram.com&_nc_cat=103&_nc_ohc=yv5NV-tND8IAX9iOIOC&edm=ALQROFkBAAAA&ccb=7-5&ig_cache_key=MjkyNTY1NjcxNDcwOTYyNjgwMQ%3D%3D.2-ccb7-5&oh=00_AT9z12eLMnvaruBcoUt5U7SAi9BqmtTFLcqndge5CcUClg&oe=6340C202&_nc_sid=30a2ef,2022-10-21 11:05:17.701718,Hereafter,from_hereafter,ofc.gaines_,CiaBUf_AO-x
0,360,640,https://scontent-lax3-2.cdninstagram.com/v/t51.2885-15/301678178_150770944255731_2604827376564193258_n.jpg?stp=dst-jpg_e15_p360x360&_nc_ht=scontent-lax3-2.cdninstagram.com&_nc_cat=103&_nc_ohc=vTSPg0B6j3UAX8mahRs&edm=ALQROFkBAAAA&ccb=7-5&ig_cache_key=MjkxMjE1MjYyNjExMjQ3Mjc0OA%3D%3D.2-ccb7-5&oh=00_AT_wVc5jnjOuRhoMQwIKMxYXqoATo_SaWE0x1S-ILTOxew&oe=63414F8A&_nc_sid=30a2ef,2022-10-21 11:05:17.701718,Hereafter,from_hereafter,brookegriffin.fit,ChqC2JbJ6as
0,360,640,https://scontent-den4-1.cdninstagram.com/v/t51.2885-15/292188259_136133715479989_6768713610540045385_n.jpg?stp=dst-jpg_e15_p360x360&efg=eyJybWQiOiJpZ19hbmRyb2lkX21vYmlsZV9uZXR3b3JrX3N0YWNrX2xpZ2VyX2NvbXBhdGlibGVfcXVpY19hbGxvd2xpc3RfMTpsaWdlciJ9&_nc_ht=scontent-den4-1.cdninstagram.com&_nc_cat=101&_nc_ohc=DJozHxCsSU8AX8xWGlS&edm=ALQROFkBAAAA&ccb=7-5&ig_cache_key=Mjg3NzIzODk5MDQ4OTg5NDI2MA%3D%3D.2-ccb7-5&oh=00_AT_Q9Tj3mEsl0s1WX1Xf_Ze-51CXInVjMtsrmtmpQEZTMw&oe=6341E514&_nc_sid=30a2ef,2022-10-21 11:05:17.701718,Hereafter,from_hereafter,marisellabella,CfuAZ4aDb10
0,480,853,https://scontent-den4-1.cdninstagram.com/v/t51.2885-15/306730217_1557648878008204_7915105666223088492_n.jpg?stp=dst-jpg_e15_p480x480&_nc_ht=scontent-den4-1.cdninstagram.com&_nc_cat=104&_nc_ohc=sdDOWWQAWKEAX-FAzrI&edm=ALQROFkBAAAA&ccb=7-5&ig_cache_key=MjkyNTc0NjY1NTE0NTYwNjkwNw%3D%3D.2-ccb7-5&oh=00_AT-nggFwhjztiVtA-kuoIG6t_fyhlOmglB9G7Ac5rwynSw&oe=634099F1&_nc_sid=30a2ef,2022-10-21 11:05:17.701718,Hereafter,from_hereafter,goodboy_zax,CiaVxTivb77
0,240,426,https://scontent-ort2-2.cdninstagram.com/v/t51.2885-15/301571068_2136084223220085_8848450102108937368_n.jpg?stp=dst-jpg_e15_p240x240&_nc_ht=scontent-ort2-2.cdninstagram.com&_nc_cat=109&_nc_ohc=Qi9UfYgoRNYAX_x9vAo&edm=ALQROFkBAAAA&ccb=7-5&ig_cache_key=MjkxMzQ5MDMzMDI3NzQ5NDMzOQ%3D%3D.2-ccb7-5&oh=00_AT9ZSjtgM8sju2Ia04lL7TPtBnshkO29B2MTvYruhkKtqA&oe=63411F24&_nc_sid=30a2ef,2022-10-21 11:05:17.701718,Hereafter,from_hereafter,raisingthewildboys,ChuzATgub5D
0,360,640,https://scontent-ort2-2.cdninstagram.com/v/t51.2885-15/310514107_1447473552383210_4536222174491858160_n.jpg?stp=dst-jpg_e15_p360x360&_nc_ht=scontent-ort2-2.cdninstagram.com&_nc_cat=102&_nc_ohc=QkoOnTK0NxAAX_3kPt2&edm=APGXKFABAAAA&ccb=7-5&ig_cache_key=Mjk0MDUwOTQ1MDcwODM2NDc4Mw%3D%3D.2-ccb7-5&oh=00_AT_iwNKdyTiT76GMtdfPzT3hyv_1Zmr8Kh-DDDV-Uv8czw&oe=6341FB72&_nc_sid=f0cd3e,2022-10-21 11:05:17.701718,Hereafter,from_hereafter,domjones.unity,CjOycQUJq3v
