,code,weight,_OS_CREATED_AT,OS_MERCHANT,OS_HANDLE,INFLUENCER_HANDLE,CODE
0,mass_followers,0.38055,2022-10-21 11:05:17.701729,Kozy Couch,kozycouch,chelseaericasmith,1662974911
1,suspicious,0.042283,2022-10-21 11:05:17.701729,Kozy Couch,kozycouch,chelseaericasmith,1662974911
2,influencers,0.19556,2022-10-21 11:05:17.701729,Kozy Couch,kozycouch,chelseaericasmith,1662974911
3,real,0.381607,2022-10-21 11:05:17.701729,Kozy Couch,kozycouch,chelseaericasmith,1662974911
4,mass_followers,0.38055,2022-10-21 11:05:17.701729,Kozy Couch,kozycouch,chelseaericasmith,1664431477
5,suspicious,0.042283,2022-10-21 11:05:17.701729,Kozy Couch,kozycouch,chelseaericasmith,1664431477
6,influencers,0.19556,2022-10-21 11:05:17.701729,Kozy Couch,kozycouch,chelseaericasmith,1664431477
7,real,0.381607,2022-10-21 11:05:17.701729,Kozy Couch,kozycouch,chelseaericasmith,1664431477
8,mass_followers,0.38055,2022-10-21 11:05:17.701729,Kozy Couch,kozycouch,chelseaericasmith,1662645609
9,suspicious,0.042283,2022-10-21 11:05:17.701729,Kozy Couch,kozycouch,chelseaericasmith,1662645609
10,influencers,0.19556,2022-10-21 11:05:17.701729,Kozy Couch,kozycouch,chelseaericasmith,1662645609
11,real,0.381607,2022-10-21 11:05:17.701729,Kozy Couch,kozycouch,chelseaericasmith,1662645609
12,mass_followers,0.170335,2022-10-21 11:05:17.701729,Kozy Couch,kozycouch,kasey.moore_,1662975050
13,suspicious,0.06499,2022-10-21 11:05:17.701729,Kozy Couch,kozycouch,kasey.moore_,1662975050
14,influencers,0.263015,2022-10-21 11:05:17.701729,Kozy Couch,kozycouch,kasey.moore_,1662975050
15,real,0.50166,2022-10-21 11:05:17.701729,Kozy Couch,kozycouch,kasey.moore_,1662975050
16,mass_followers,0.169778,2022-10-21 11:05:17.701729,Kozy Couch,kozycouch,kasey.moore_,1662646222
17,suspicious,0.065428,2022-10-21 11:05:17.701729,Kozy Couch,kozycouch,kasey.moore_,1662646222
18,influencers,0.262769,2022-10-21 11:05:17.701729,Kozy Couch,kozycouch,kasey.moore_,1662646222
19,real,0.502025,2022-10-21 11:05:17.701729,Kozy Couch,kozycouch,kasey.moore_,1662646222
20,mass_followers,0.170161,2022-10-21 11:05:17.701729,Kozy Couch,kozycouch,kasey.moore_,1664431578
21,suspicious,0.06499,2022-10-21 11:05:17.701729,Kozy Couch,kozycouch,kasey.moore_,1664431578
22,influencers,0.263103,2022-10-21 11:05:17.701729,Kozy Couch,kozycouch,kasey.moore_,1664431578
23,real,0.501747,2022-10-21 11:05:17.701729,Kozy Couch,kozycouch,kasey.moore_,1664431578
24,mass_followers,0.317644,2022-10-21 11:05:17.701729,Kozy Couch,kozycouch,lovemilanmarie,1664431423
25,suspicious,0.06473,2022-10-21 11:05:17.701729,Kozy Couch,kozycouch,lovemilanmarie,1664431423
26,influencers,0.208983,2022-10-21 11:05:17.701729,Kozy Couch,kozycouch,lovemilanmarie,1664431423
27,real,0.408643,2022-10-21 11:05:17.701729,Kozy Couch,kozycouch,lovemilanmarie,1664431423
28,mass_followers,0.317644,2022-10-21 11:05:17.701729,Kozy Couch,kozycouch,lovemilanmarie,1662974932
29,suspicious,0.06464,2022-10-21 11:05:17.701729,Kozy Couch,kozycouch,lovemilanmarie,1662974932
30,influencers,0.209163,2022-10-21 11:05:17.701729,Kozy Couch,kozycouch,lovemilanmarie,1662974932
31,real,0.408553,2022-10-21 11:05:17.701729,Kozy Couch,kozycouch,lovemilanmarie,1662974932
32,mass_followers,0.317644,2022-10-21 11:05:17.701729,Kozy Couch,kozycouch,lovemilanmarie,1662646464
33,suspicious,0.06464,2022-10-21 11:05:17.701729,Kozy Couch,kozycouch,lovemilanmarie,1662646464
34,influencers,0.209163,2022-10-21 11:05:17.701729,Kozy Couch,kozycouch,lovemilanmarie,1662646464
35,real,0.408553,2022-10-21 11:05:17.701729,Kozy Couch,kozycouch,lovemilanmarie,1662646464
36,mass_followers,0.414379,2022-10-21 11:05:17.701729,Kozy Couch,kozycouch,Tara.dye,1663087018
37,suspicious,0.035294,2022-10-21 11:05:17.701729,Kozy Couch,kozycouch,Tara.dye,1663087018
38,influencers,0.457516,2022-10-21 11:05:17.701729,Kozy Couch,kozycouch,Tara.dye,1663087018
39,real,0.09281,2022-10-21 11:05:17.701729,Kozy Couch,kozycouch,Tara.dye,1663087018
40,mass_followers,0.415686,2022-10-21 11:05:17.701729,Kozy Couch,kozycouch,Tara.dye,1664431484
41,suspicious,0.035294,2022-10-21 11:05:17.701729,Kozy Couch,kozycouch,Tara.dye,1664431484
42,influencers,0.454902,2022-10-21 11:05:17.701729,Kozy Couch,kozycouch,Tara.dye,1664431484
43,real,0.094118,2022-10-21 11:05:17.701729,Kozy Couch,kozycouch,Tara.dye,1664431484
44,mass_followers,0.516283,2022-10-21 11:05:17.701729,Kozy Couch,kozycouch,its.sage.thyme,1664431468
45,suspicious,0.04153,2022-10-21 11:05:17.701729,Kozy Couch,kozycouch,its.sage.thyme,1664431468
46,influencers,0.255453,2022-10-21 11:05:17.701729,Kozy Couch,kozycouch,its.sage.thyme,1664431468
47,real,0.186734,2022-10-21 11:05:17.701729,Kozy Couch,kozycouch,its.sage.thyme,1664431468
48,mass_followers,0.516283,2022-10-21 11:05:17.701729,Kozy Couch,kozycouch,its.sage.thyme,1662974796
49,suspicious,0.041231,2022-10-21 11:05:17.701729,Kozy Couch,kozycouch,its.sage.thyme,1662974796
50,influencers,0.255751,2022-10-21 11:05:17.701729,Kozy Couch,kozycouch,its.sage.thyme,1662974796
51,real,0.186734,2022-10-21 11:05:17.701729,Kozy Couch,kozycouch,its.sage.thyme,1662974796
52,mass_followers,0.516283,2022-10-21 11:05:17.701729,Kozy Couch,kozycouch,its.sage.thyme,1662645368
53,suspicious,0.041231,2022-10-21 11:05:17.701729,Kozy Couch,kozycouch,its.sage.thyme,1662645368
54,influencers,0.255751,2022-10-21 11:05:17.701729,Kozy Couch,kozycouch,its.sage.thyme,1662645368
55,real,0.186734,2022-10-21 11:05:17.701729,Kozy Couch,kozycouch,its.sage.thyme,1662645368
56,mass_followers,0.5569,2022-10-21 11:05:17.701729,Kozy Couch,kozycouch,Shawnteltheprototype,1663087087
57,suspicious,0.0659,2022-10-21 11:05:17.701729,Kozy Couch,kozycouch,Shawnteltheprototype,1663087087
58,influencers,0.0611,2022-10-21 11:05:17.701729,Kozy Couch,kozycouch,Shawnteltheprototype,1663087087
59,real,0.3161,2022-10-21 11:05:17.701729,Kozy Couch,kozycouch,Shawnteltheprototype,1663087087
60,mass_followers,0.557,2022-10-21 11:05:17.701729,Kozy Couch,kozycouch,Shawnteltheprototype,1664431999
61,suspicious,0.066,2022-10-21 11:05:17.701729,Kozy Couch,kozycouch,Shawnteltheprototype,1664431999
62,influencers,0.0609,2022-10-21 11:05:17.701729,Kozy Couch,kozycouch,Shawnteltheprototype,1664431999
63,real,0.3161,2022-10-21 11:05:17.701729,Kozy Couch,kozycouch,Shawnteltheprototype,1664431999
64,mass_followers,0.33924,2022-10-21 11:05:17.701729,Kozy Couch,kozycouch,bria.snyder,1664431625
65,suspicious,0.04115,2022-10-21 11:05:17.701729,Kozy Couch,kozycouch,bria.snyder,1664431625
66,influencers,0.30951,2022-10-21 11:05:17.701729,Kozy Couch,kozycouch,bria.snyder,1664431625
67,real,0.3101,2022-10-21 11:05:17.701729,Kozy Couch,kozycouch,bria.snyder,1664431625
68,mass_followers,0.338452,2022-10-21 11:05:17.701729,Kozy Couch,kozycouch,bria.snyder,1662646169
69,suspicious,0.040953,2022-10-21 11:05:17.701729,Kozy Couch,kozycouch,bria.snyder,1662646169
70,influencers,0.31079,2022-10-21 11:05:17.701729,Kozy Couch,kozycouch,bria.snyder,1662646169
71,real,0.309805,2022-10-21 11:05:17.701729,Kozy Couch,kozycouch,bria.snyder,1662646169
0,mass_followers,0.338452,2022-10-21 11:05:17.701729,Kozy Couch,kozycouch,bria.snyder,1662974858
1,suspicious,0.04115,2022-10-21 11:05:17.701729,Kozy Couch,kozycouch,bria.snyder,1662974858
2,influencers,0.310593,2022-10-21 11:05:17.701729,Kozy Couch,kozycouch,bria.snyder,1662974858
3,real,0.309805,2022-10-21 11:05:17.701729,Kozy Couch,kozycouch,bria.snyder,1662974858
0,mass_followers,0.266852,2022-10-21 11:05:17.701729,Epiphanie,epiphanie.co,alyssashenaye,1662646335
1,suspicious,0.056771,2022-10-21 11:05:17.701729,Epiphanie,epiphanie.co,alyssashenaye,1662646335
2,influencers,0.153907,2022-10-21 11:05:17.701729,Epiphanie,epiphanie.co,alyssashenaye,1662646335
3,real,0.52247,2022-10-21 11:05:17.701729,Epiphanie,epiphanie.co,alyssashenaye,1662646335
4,mass_followers,0.266852,2022-10-21 11:05:17.701729,Epiphanie,epiphanie.co,alyssashenaye,1662975205
5,suspicious,0.056671,2022-10-21 11:05:17.701729,Epiphanie,epiphanie.co,alyssashenaye,1662975205
6,influencers,0.154007,2022-10-21 11:05:17.701729,Epiphanie,epiphanie.co,alyssashenaye,1662975205
7,real,0.52247,2022-10-21 11:05:17.701729,Epiphanie,epiphanie.co,alyssashenaye,1662975205
8,mass_followers,0.266852,2022-10-21 11:05:17.701729,Epiphanie,epiphanie.co,alyssashenaye,1664431698
9,suspicious,0.056771,2022-10-21 11:05:17.701729,Epiphanie,epiphanie.co,alyssashenaye,1664431698
10,influencers,0.153907,2022-10-21 11:05:17.701729,Epiphanie,epiphanie.co,alyssashenaye,1664431698
11,real,0.52247,2022-10-21 11:05:17.701729,Epiphanie,epiphanie.co,alyssashenaye,1664431698
12,mass_followers,0.188323,2022-10-21 11:05:17.701729,Epiphanie,epiphanie.co,athomewithastra,1662645713
13,suspicious,0.034845,2022-10-21 11:05:17.701729,Epiphanie,epiphanie.co,athomewithastra,1662645713
14,influencers,0.081128,2022-10-21 11:05:17.701729,Epiphanie,epiphanie.co,athomewithastra,1662645713
15,real,0.695704,2022-10-21 11:05:17.701729,Epiphanie,epiphanie.co,athomewithastra,1662645713
16,mass_followers,0.137,2022-10-21 11:05:17.701729,Epiphanie,epiphanie.co,soydonn,1662974744
17,suspicious,0.0441,2022-10-21 11:05:17.701729,Epiphanie,epiphanie.co,soydonn,1662974744
18,influencers,0.0733,2022-10-21 11:05:17.701729,Epiphanie,epiphanie.co,soydonn,1662974744
19,real,0.7456,2022-10-21 11:05:17.701729,Epiphanie,epiphanie.co,soydonn,1662974744
20,mass_followers,0.137,2022-10-21 11:05:17.701729,Epiphanie,epiphanie.co,soydonn,1664431603
21,suspicious,0.0441,2022-10-21 11:05:17.701729,Epiphanie,epiphanie.co,soydonn,1664431603
22,influencers,0.0733,2022-10-21 11:05:17.701729,Epiphanie,epiphanie.co,soydonn,1664431603
23,real,0.7456,2022-10-21 11:05:17.701729,Epiphanie,epiphanie.co,soydonn,1664431603
24,mass_followers,0.1371,2022-10-21 11:05:17.701729,Epiphanie,epiphanie.co,soydonn,1662645690
25,suspicious,0.0441,2022-10-21 11:05:17.701729,Epiphanie,epiphanie.co,soydonn,1662645690
26,influencers,0.0732,2022-10-21 11:05:17.701729,Epiphanie,epiphanie.co,soydonn,1662645690
27,real,0.7456,2022-10-21 11:05:17.701729,Epiphanie,epiphanie.co,soydonn,1662645690
28,mass_followers,0.262073,2022-10-21 11:05:17.701729,Epiphanie,epiphanie.co,falonbrianne,1662974742
29,suspicious,0.053004,2022-10-21 11:05:17.701729,Epiphanie,epiphanie.co,falonbrianne,1662974742
30,influencers,0.171182,2022-10-21 11:05:17.701729,Epiphanie,epiphanie.co,falonbrianne,1662974742
31,real,0.513742,2022-10-21 11:05:17.701729,Epiphanie,epiphanie.co,falonbrianne,1662974742
32,mass_followers,0.252197,2022-10-21 11:05:17.701729,Epiphanie,epiphanie.co,falonbrianne,1664432130
33,suspicious,0.052513,2022-10-21 11:05:17.701729,Epiphanie,epiphanie.co,falonbrianne,1664432130
34,influencers,0.173315,2022-10-21 11:05:17.701729,Epiphanie,epiphanie.co,falonbrianne,1664432130
35,real,0.521974,2022-10-21 11:05:17.701729,Epiphanie,epiphanie.co,falonbrianne,1664432130
36,mass_followers,0.262073,2022-10-21 11:05:17.701729,Epiphanie,epiphanie.co,falonbrianne,1662645717
37,suspicious,0.053004,2022-10-21 11:05:17.701729,Epiphanie,epiphanie.co,falonbrianne,1662645717
38,influencers,0.171182,2022-10-21 11:05:17.701729,Epiphanie,epiphanie.co,falonbrianne,1662645717
39,real,0.513742,2022-10-21 11:05:17.701729,Epiphanie,epiphanie.co,falonbrianne,1662645717
40,mass_followers,0.256376,2022-10-21 11:05:17.701729,Epiphanie,epiphanie.co,e.stis,1662645707
41,suspicious,0.046421,2022-10-21 11:05:17.701729,Epiphanie,epiphanie.co,e.stis,1662645707
42,influencers,0.240138,2022-10-21 11:05:17.701729,Epiphanie,epiphanie.co,e.stis,1662645707
43,real,0.457065,2022-10-21 11:05:17.701729,Epiphanie,epiphanie.co,e.stis,1662645707
44,mass_followers,0.256553,2022-10-21 11:05:17.701729,Epiphanie,epiphanie.co,e.stis,1664431610
45,suspicious,0.046421,2022-10-21 11:05:17.701729,Epiphanie,epiphanie.co,e.stis,1664431610
46,influencers,0.239961,2022-10-21 11:05:17.701729,Epiphanie,epiphanie.co,e.stis,1664431610
47,real,0.457065,2022-10-21 11:05:17.701729,Epiphanie,epiphanie.co,e.stis,1664431610
0,mass_followers,0.256376,2022-10-21 11:05:17.701729,Epiphanie,epiphanie.co,e.stis,1662975110
1,suspicious,0.046421,2022-10-21 11:05:17.701729,Epiphanie,epiphanie.co,e.stis,1662975110
2,influencers,0.240226,2022-10-21 11:05:17.701729,Epiphanie,epiphanie.co,e.stis,1662975110
3,real,0.456976,2022-10-21 11:05:17.701729,Epiphanie,epiphanie.co,e.stis,1662975110
0,mass_followers,0.414717,2022-10-21 11:05:17.701729,Jack Archer,jack.archer,joey.gentile,1664431509
1,suspicious,0.078716,2022-10-21 11:05:17.701729,Jack Archer,jack.archer,joey.gentile,1664431509
2,influencers,0.125946,2022-10-21 11:05:17.701729,Jack Archer,jack.archer,joey.gentile,1664431509
3,real,0.380621,2022-10-21 11:05:17.701729,Jack Archer,jack.archer,joey.gentile,1664431509
4,mass_followers,0.414543,2022-10-21 11:05:17.701729,Jack Archer,jack.archer,joey.gentile,1662645357
5,suspicious,0.078716,2022-10-21 11:05:17.701729,Jack Archer,jack.archer,joey.gentile,1662645357
6,influencers,0.126033,2022-10-21 11:05:17.701729,Jack Archer,jack.archer,joey.gentile,1662645357
7,real,0.380708,2022-10-21 11:05:17.701729,Jack Archer,jack.archer,joey.gentile,1662645357
8,mass_followers,0.414543,2022-10-21 11:05:17.701729,Jack Archer,jack.archer,joey.gentile,1662974848
9,suspicious,0.078716,2022-10-21 11:05:17.701729,Jack Archer,jack.archer,joey.gentile,1662974848
10,influencers,0.126033,2022-10-21 11:05:17.701729,Jack Archer,jack.archer,joey.gentile,1662974848
11,real,0.380708,2022-10-21 11:05:17.701729,Jack Archer,jack.archer,joey.gentile,1662974848
12,mass_followers,0.233533,2022-10-21 11:05:17.701729,Jack Archer,jack.archer,berzinsky,1662645504
13,suspicious,0.091621,2022-10-21 11:05:17.701729,Jack Archer,jack.archer,berzinsky,1662645504
14,influencers,0.178195,2022-10-21 11:05:17.701729,Jack Archer,jack.archer,berzinsky,1662645504
15,real,0.49665,2022-10-21 11:05:17.701729,Jack Archer,jack.archer,berzinsky,1662645504
16,mass_followers,0.23362,2022-10-21 11:05:17.701729,Jack Archer,jack.archer,berzinsky,1662974731
17,suspicious,0.091534,2022-10-21 11:05:17.701729,Jack Archer,jack.archer,berzinsky,1662974731
18,influencers,0.178108,2022-10-21 11:05:17.701729,Jack Archer,jack.archer,berzinsky,1662974731
19,real,0.496737,2022-10-21 11:05:17.701729,Jack Archer,jack.archer,berzinsky,1662974731
20,mass_followers,0.23362,2022-10-21 11:05:17.701729,Jack Archer,jack.archer,berzinsky,1664431893
21,suspicious,0.091621,2022-10-21 11:05:17.701729,Jack Archer,jack.archer,berzinsky,1664431893
22,influencers,0.178021,2022-10-21 11:05:17.701729,Jack Archer,jack.archer,berzinsky,1664431893
23,real,0.496737,2022-10-21 11:05:17.701729,Jack Archer,jack.archer,berzinsky,1664431893
24,mass_followers,0.133885,2022-10-21 11:05:17.701729,Jack Archer,jack.archer,theregoesjonathan,1664431507
25,suspicious,0.119393,2022-10-21 11:05:17.701729,Jack Archer,jack.archer,theregoesjonathan,1664431507
26,influencers,0.307108,2022-10-21 11:05:17.701729,Jack Archer,jack.archer,theregoesjonathan,1664431507
27,real,0.439614,2022-10-21 11:05:17.701729,Jack Archer,jack.archer,theregoesjonathan,1664431507
28,mass_followers,0.134576,2022-10-21 11:05:17.701729,Jack Archer,jack.archer,theregoesjonathan,1662645374
29,suspicious,0.118703,2022-10-21 11:05:17.701729,Jack Archer,jack.archer,theregoesjonathan,1662645374
30,influencers,0.307108,2022-10-21 11:05:17.701729,Jack Archer,jack.archer,theregoesjonathan,1662645374
31,real,0.439614,2022-10-21 11:05:17.701729,Jack Archer,jack.archer,theregoesjonathan,1662645374
32,mass_followers,0.133885,2022-10-21 11:05:17.701729,Jack Archer,jack.archer,theregoesjonathan,1662975131
33,suspicious,0.118703,2022-10-21 11:05:17.701729,Jack Archer,jack.archer,theregoesjonathan,1662975131
34,influencers,0.307798,2022-10-21 11:05:17.701729,Jack Archer,jack.archer,theregoesjonathan,1662975131
35,real,0.439614,2022-10-21 11:05:17.701729,Jack Archer,jack.archer,theregoesjonathan,1662975131
36,mass_followers,0.308974,2022-10-21 11:05:17.701729,Jack Archer,jack.archer,tylraustin,1662645344
37,suspicious,0.114427,2022-10-21 11:05:17.701729,Jack Archer,jack.archer,tylraustin,1662645344
38,influencers,0.357065,2022-10-21 11:05:17.701729,Jack Archer,jack.archer,tylraustin,1662645344
39,real,0.219534,2022-10-21 11:05:17.701729,Jack Archer,jack.archer,tylraustin,1662645344
40,mass_followers,0.30937,2022-10-21 11:05:17.701729,Jack Archer,jack.archer,tylraustin,1662974898
41,suspicious,0.114626,2022-10-21 11:05:17.701729,Jack Archer,jack.archer,tylraustin,1662974898
42,influencers,0.35647,2022-10-21 11:05:17.701729,Jack Archer,jack.archer,tylraustin,1662974898
43,real,0.219534,2022-10-21 11:05:17.701729,Jack Archer,jack.archer,tylraustin,1662974898
44,mass_followers,0.309866,2022-10-21 11:05:17.701729,Jack Archer,jack.archer,tylraustin,1664431656
45,suspicious,0.114626,2022-10-21 11:05:17.701729,Jack Archer,jack.archer,tylraustin,1664431656
46,influencers,0.355974,2022-10-21 11:05:17.701729,Jack Archer,jack.archer,tylraustin,1664431656
47,real,0.219534,2022-10-21 11:05:17.701729,Jack Archer,jack.archer,tylraustin,1664431656
48,mass_followers,0.125475,2022-10-21 11:05:17.701729,Jack Archer,jack.archer,pool_jet,1664431890
49,suspicious,0.076971,2022-10-21 11:05:17.701729,Jack Archer,jack.archer,pool_jet,1664431890
50,influencers,0.03679,2022-10-21 11:05:17.701729,Jack Archer,jack.archer,pool_jet,1664431890
51,real,0.760765,2022-10-21 11:05:17.701729,Jack Archer,jack.archer,pool_jet,1664431890
52,mass_followers,0.125578,2022-10-21 11:05:17.701729,Jack Archer,jack.archer,pool_jet,1662646041
53,suspicious,0.076971,2022-10-21 11:05:17.701729,Jack Archer,jack.archer,pool_jet,1662646041
54,influencers,0.036687,2022-10-21 11:05:17.701729,Jack Archer,jack.archer,pool_jet,1662646041
55,real,0.760765,2022-10-21 11:05:17.701729,Jack Archer,jack.archer,pool_jet,1662646041
0,mass_followers,0.125578,2022-10-21 11:05:17.701729,Jack Archer,jack.archer,pool_jet,1662974737
1,suspicious,0.076971,2022-10-21 11:05:17.701729,Jack Archer,jack.archer,pool_jet,1662974737
2,influencers,0.036687,2022-10-21 11:05:17.701729,Jack Archer,jack.archer,pool_jet,1662974737
3,real,0.760765,2022-10-21 11:05:17.701729,Jack Archer,jack.archer,pool_jet,1662974737
0,mass_followers,0.4388,2022-10-21 11:05:17.701729,Ecletticos,ecletticos,happilyheatherj,1662645754
1,suspicious,0.0275,2022-10-21 11:05:17.701729,Ecletticos,ecletticos,happilyheatherj,1662645754
2,influencers,0.392,2022-10-21 11:05:17.701729,Ecletticos,ecletticos,happilyheatherj,1662645754
3,real,0.1417,2022-10-21 11:05:17.701729,Ecletticos,ecletticos,happilyheatherj,1662645754
4,mass_followers,0.4385,2022-10-21 11:05:17.701729,Ecletticos,ecletticos,happilyheatherj,1662974781
5,suspicious,0.0275,2022-10-21 11:05:17.701729,Ecletticos,ecletticos,happilyheatherj,1662974781
6,influencers,0.3925,2022-10-21 11:05:17.701729,Ecletticos,ecletticos,happilyheatherj,1662974781
7,real,0.1415,2022-10-21 11:05:17.701729,Ecletticos,ecletticos,happilyheatherj,1662974781
8,mass_followers,0.4384,2022-10-21 11:05:17.701729,Ecletticos,ecletticos,happilyheatherj,1664431617
9,suspicious,0.0275,2022-10-21 11:05:17.701729,Ecletticos,ecletticos,happilyheatherj,1664431617
10,influencers,0.3924,2022-10-21 11:05:17.701729,Ecletticos,ecletticos,happilyheatherj,1664431617
11,real,0.1417,2022-10-21 11:05:17.701729,Ecletticos,ecletticos,happilyheatherj,1664431617
12,mass_followers,0.272022,2022-10-21 11:05:17.701729,Ecletticos,ecletticos,the_vintage_bombshell,1662645610
13,suspicious,0.067485,2022-10-21 11:05:17.701729,Ecletticos,ecletticos,the_vintage_bombshell,1662645610
14,influencers,0.249103,2022-10-21 11:05:17.701729,Ecletticos,ecletticos,the_vintage_bombshell,1662645610
15,real,0.41139,2022-10-21 11:05:17.701729,Ecletticos,ecletticos,the_vintage_bombshell,1662645610
16,mass_followers,0.272138,2022-10-21 11:05:17.701729,Ecletticos,ecletticos,the_vintage_bombshell,1662975339
17,suspicious,0.067485,2022-10-21 11:05:17.701729,Ecletticos,ecletticos,the_vintage_bombshell,1662975339
18,influencers,0.248871,2022-10-21 11:05:17.701729,Ecletticos,ecletticos,the_vintage_bombshell,1662975339
19,real,0.411506,2022-10-21 11:05:17.701729,Ecletticos,ecletticos,the_vintage_bombshell,1662975339
20,mass_followers,0.272254,2022-10-21 11:05:17.701729,Ecletticos,ecletticos,the_vintage_bombshell,1664431640
21,suspicious,0.067369,2022-10-21 11:05:17.701729,Ecletticos,ecletticos,the_vintage_bombshell,1664431640
22,influencers,0.248756,2022-10-21 11:05:17.701729,Ecletticos,ecletticos,the_vintage_bombshell,1664431640
23,real,0.411622,2022-10-21 11:05:17.701729,Ecletticos,ecletticos,the_vintage_bombshell,1664431640
24,mass_followers,0.293581,2022-10-21 11:05:17.701729,Ecletticos,ecletticos,sonabonds,1662975145
25,suspicious,0.050913,2022-10-21 11:05:17.701729,Ecletticos,ecletticos,sonabonds,1662975145
26,influencers,0.277809,2022-10-21 11:05:17.701729,Ecletticos,ecletticos,sonabonds,1662975145
27,real,0.377698,2022-10-21 11:05:17.701729,Ecletticos,ecletticos,sonabonds,1662975145
28,mass_followers,0.293304,2022-10-21 11:05:17.701729,Ecletticos,ecletticos,sonabonds,1662645528
29,suspicious,0.050636,2022-10-21 11:05:17.701729,Ecletticos,ecletticos,sonabonds,1662645528
30,influencers,0.278362,2022-10-21 11:05:17.701729,Ecletticos,ecletticos,sonabonds,1662645528
31,real,0.377698,2022-10-21 11:05:17.701729,Ecletticos,ecletticos,sonabonds,1662645528
32,mass_followers,0.293304,2022-10-21 11:05:17.701729,Ecletticos,ecletticos,sonabonds,1664431621
33,suspicious,0.050913,2022-10-21 11:05:17.701729,Ecletticos,ecletticos,sonabonds,1664431621
34,influencers,0.278085,2022-10-21 11:05:17.701729,Ecletticos,ecletticos,sonabonds,1664431621
35,real,0.377698,2022-10-21 11:05:17.701729,Ecletticos,ecletticos,sonabonds,1664431621
36,mass_followers,0.134576,2022-10-21 11:05:17.701729,Ecletticos,ecletticos,theregoesjonathan,1662645345
37,suspicious,0.118703,2022-10-21 11:05:17.701729,Ecletticos,ecletticos,theregoesjonathan,1662645345
38,influencers,0.307108,2022-10-21 11:05:17.701729,Ecletticos,ecletticos,theregoesjonathan,1662645345
39,real,0.439614,2022-10-21 11:05:17.701729,Ecletticos,ecletticos,theregoesjonathan,1662645345
40,mass_followers,0.133885,2022-10-21 11:05:17.701729,Ecletticos,ecletticos,theregoesjonathan,1664431623
41,suspicious,0.119393,2022-10-21 11:05:17.701729,Ecletticos,ecletticos,theregoesjonathan,1664431623
42,influencers,0.307108,2022-10-21 11:05:17.701729,Ecletticos,ecletticos,theregoesjonathan,1664431623
43,real,0.439614,2022-10-21 11:05:17.701729,Ecletticos,ecletticos,theregoesjonathan,1664431623
44,mass_followers,0.133885,2022-10-21 11:05:17.701729,Ecletticos,ecletticos,theregoesjonathan,1662975121
45,suspicious,0.118703,2022-10-21 11:05:17.701729,Ecletticos,ecletticos,theregoesjonathan,1662975121
46,influencers,0.307798,2022-10-21 11:05:17.701729,Ecletticos,ecletticos,theregoesjonathan,1662975121
47,real,0.439614,2022-10-21 11:05:17.701729,Ecletticos,ecletticos,theregoesjonathan,1662975121
48,mass_followers,0.254221,2022-10-21 11:05:17.701729,Ecletticos,ecletticos,mizzerybell,1664431845
49,suspicious,0.081312,2022-10-21 11:05:17.701729,Ecletticos,ecletticos,mizzerybell,1664431845
50,influencers,0.164758,2022-10-21 11:05:17.701729,Ecletticos,ecletticos,mizzerybell,1664431845
51,real,0.499709,2022-10-21 11:05:17.701729,Ecletticos,ecletticos,mizzerybell,1664431845
52,mass_followers,0.254027,2022-10-21 11:05:17.701729,Ecletticos,ecletticos,mizzerybell,1662645791
53,suspicious,0.081312,2022-10-21 11:05:17.701729,Ecletticos,ecletticos,mizzerybell,1662645791
54,influencers,0.164952,2022-10-21 11:05:17.701729,Ecletticos,ecletticos,mizzerybell,1662645791
55,real,0.499709,2022-10-21 11:05:17.701729,Ecletticos,ecletticos,mizzerybell,1662645791
56,mass_followers,0.254221,2022-10-21 11:05:17.701729,Ecletticos,ecletticos,mizzerybell,1662974792
57,suspicious,0.081312,2022-10-21 11:05:17.701729,Ecletticos,ecletticos,mizzerybell,1662974792
58,influencers,0.164758,2022-10-21 11:05:17.701729,Ecletticos,ecletticos,mizzerybell,1662974792
59,real,0.499709,2022-10-21 11:05:17.701729,Ecletticos,ecletticos,mizzerybell,1662974792
60,mass_followers,0.289002,2022-10-21 11:05:17.701729,Ecletticos,ecletticos,lisettejyoga,1662974830
61,suspicious,0.074852,2022-10-21 11:05:17.701729,Ecletticos,ecletticos,lisettejyoga,1662974830
62,influencers,0.263885,2022-10-21 11:05:17.701729,Ecletticos,ecletticos,lisettejyoga,1662974830
63,real,0.372261,2022-10-21 11:05:17.701729,Ecletticos,ecletticos,lisettejyoga,1662974830
64,mass_followers,0.289102,2022-10-21 11:05:17.701729,Ecletticos,ecletticos,lisettejyoga,1664431613
65,suspicious,0.074852,2022-10-21 11:05:17.701729,Ecletticos,ecletticos,lisettejyoga,1664431613
66,influencers,0.263785,2022-10-21 11:05:17.701729,Ecletticos,ecletticos,lisettejyoga,1664431613
67,real,0.372261,2022-10-21 11:05:17.701729,Ecletticos,ecletticos,lisettejyoga,1664431613
68,mass_followers,0.289002,2022-10-21 11:05:17.701729,Ecletticos,ecletticos,lisettejyoga,1662645669
69,suspicious,0.074852,2022-10-21 11:05:17.701729,Ecletticos,ecletticos,lisettejyoga,1662645669
70,influencers,0.263885,2022-10-21 11:05:17.701729,Ecletticos,ecletticos,lisettejyoga,1662645669
71,real,0.372261,2022-10-21 11:05:17.701729,Ecletticos,ecletticos,lisettejyoga,1662645669
72,mass_followers,0.11928,2022-10-21 11:05:17.701729,Ecletticos,ecletticos,satisfylagoon,1664431864
73,suspicious,0.072523,2022-10-21 11:05:17.701729,Ecletticos,ecletticos,satisfylagoon,1664431864
74,influencers,0.106645,2022-10-21 11:05:17.701729,Ecletticos,ecletticos,satisfylagoon,1664431864
75,real,0.701552,2022-10-21 11:05:17.701729,Ecletticos,ecletticos,satisfylagoon,1664431864
76,mass_followers,0.11928,2022-10-21 11:05:17.701729,Ecletticos,ecletticos,satisfylagoon,1662974792
77,suspicious,0.072523,2022-10-21 11:05:17.701729,Ecletticos,ecletticos,satisfylagoon,1662974792
78,influencers,0.106645,2022-10-21 11:05:17.701729,Ecletticos,ecletticos,satisfylagoon,1662974792
79,real,0.701552,2022-10-21 11:05:17.701729,Ecletticos,ecletticos,satisfylagoon,1662974792
80,mass_followers,0.11928,2022-10-21 11:05:17.701729,Ecletticos,ecletticos,satisfylagoon,1662645663
81,suspicious,0.072523,2022-10-21 11:05:17.701729,Ecletticos,ecletticos,satisfylagoon,1662645663
82,influencers,0.106645,2022-10-21 11:05:17.701729,Ecletticos,ecletticos,satisfylagoon,1662645663
83,real,0.701552,2022-10-21 11:05:17.701729,Ecletticos,ecletticos,satisfylagoon,1662645663
84,mass_followers,0.237039,2022-10-21 11:05:17.701729,Ecletticos,ecletticos,aryyzona,1662974735
85,suspicious,0.071301,2022-10-21 11:05:17.701729,Ecletticos,ecletticos,aryyzona,1662974735
86,influencers,0.181723,2022-10-21 11:05:17.701729,Ecletticos,ecletticos,aryyzona,1662974735
87,real,0.509938,2022-10-21 11:05:17.701729,Ecletticos,ecletticos,aryyzona,1662974735
88,mass_followers,0.236328,2022-10-21 11:05:17.701729,Ecletticos,ecletticos,aryyzona,1662645893
89,suspicious,0.073681,2022-10-21 11:05:17.701729,Ecletticos,ecletticos,aryyzona,1662645893
90,influencers,0.183939,2022-10-21 11:05:17.701729,Ecletticos,ecletticos,aryyzona,1662645893
91,real,0.506052,2022-10-21 11:05:17.701729,Ecletticos,ecletticos,aryyzona,1662645893
92,mass_followers,0.237129,2022-10-21 11:05:17.701729,Ecletticos,ecletticos,aryyzona,1664431616
93,suspicious,0.071771,2022-10-21 11:05:17.701729,Ecletticos,ecletticos,aryyzona,1664431616
94,influencers,0.182485,2022-10-21 11:05:17.701729,Ecletticos,ecletticos,aryyzona,1664431616
95,real,0.508615,2022-10-21 11:05:17.701729,Ecletticos,ecletticos,aryyzona,1664431616
96,mass_followers,0.267933,2022-10-21 11:05:17.701729,Ecletticos,ecletticos,avaireland729,1662974791
97,suspicious,0.194369,2022-10-21 11:05:17.701729,Ecletticos,ecletticos,avaireland729,1662974791
98,influencers,0.041265,2022-10-21 11:05:17.701729,Ecletticos,ecletticos,avaireland729,1662974791
99,real,0.496433,2022-10-21 11:05:17.701729,Ecletticos,ecletticos,avaireland729,1662974791
100,mass_followers,0.267933,2022-10-21 11:05:17.701729,Ecletticos,ecletticos,avaireland729,1664431764
101,suspicious,0.194466,2022-10-21 11:05:17.701729,Ecletticos,ecletticos,avaireland729,1664431764
102,influencers,0.041169,2022-10-21 11:05:17.701729,Ecletticos,ecletticos,avaireland729,1664431764
103,real,0.496433,2022-10-21 11:05:17.701729,Ecletticos,ecletticos,avaireland729,1664431764
0,mass_followers,0.267933,2022-10-21 11:05:17.701729,Ecletticos,ecletticos,avaireland729,1662645672
1,suspicious,0.194369,2022-10-21 11:05:17.701729,Ecletticos,ecletticos,avaireland729,1662645672
2,influencers,0.041265,2022-10-21 11:05:17.701729,Ecletticos,ecletticos,avaireland729,1662645672
3,real,0.496433,2022-10-21 11:05:17.701729,Ecletticos,ecletticos,avaireland729,1662645672
0,mass_followers,0.1959,2022-10-21 11:05:17.701729,Necklow,necklowco,raisa.bullard,1662645430
1,suspicious,0.0695,2022-10-21 11:05:17.701729,Necklow,necklowco,raisa.bullard,1662645430
2,influencers,0.1237,2022-10-21 11:05:17.701729,Necklow,necklowco,raisa.bullard,1662645430
3,real,0.6109,2022-10-21 11:05:17.701729,Necklow,necklowco,raisa.bullard,1662645430
4,mass_followers,0.1959,2022-10-21 11:05:17.701729,Necklow,necklowco,raisa.bullard,1662975031
5,suspicious,0.0695,2022-10-21 11:05:17.701729,Necklow,necklowco,raisa.bullard,1662975031
6,influencers,0.1237,2022-10-21 11:05:17.701729,Necklow,necklowco,raisa.bullard,1662975031
7,real,0.6109,2022-10-21 11:05:17.701729,Necklow,necklowco,raisa.bullard,1662975031
8,mass_followers,0.1959,2022-10-21 11:05:17.701729,Necklow,necklowco,raisa.bullard,1664432388
9,suspicious,0.0695,2022-10-21 11:05:17.701729,Necklow,necklowco,raisa.bullard,1664432388
10,influencers,0.1237,2022-10-21 11:05:17.701729,Necklow,necklowco,raisa.bullard,1664432388
11,real,0.6109,2022-10-21 11:05:17.701729,Necklow,necklowco,raisa.bullard,1664432388
12,mass_followers,0.4385,2022-10-21 11:05:17.701729,Necklow,necklowco,happilyheatherj,1662974754
13,suspicious,0.0275,2022-10-21 11:05:17.701729,Necklow,necklowco,happilyheatherj,1662974754
14,influencers,0.3925,2022-10-21 11:05:17.701729,Necklow,necklowco,happilyheatherj,1662974754
15,real,0.1415,2022-10-21 11:05:17.701729,Necklow,necklowco,happilyheatherj,1662974754
16,mass_followers,0.4388,2022-10-21 11:05:17.701729,Necklow,necklowco,happilyheatherj,1662646397
17,suspicious,0.0275,2022-10-21 11:05:17.701729,Necklow,necklowco,happilyheatherj,1662646397
18,influencers,0.392,2022-10-21 11:05:17.701729,Necklow,necklowco,happilyheatherj,1662646397
19,real,0.1417,2022-10-21 11:05:17.701729,Necklow,necklowco,happilyheatherj,1662646397
20,mass_followers,0.4384,2022-10-21 11:05:17.701729,Necklow,necklowco,happilyheatherj,1664431454
21,suspicious,0.0275,2022-10-21 11:05:17.701729,Necklow,necklowco,happilyheatherj,1664431454
22,influencers,0.3924,2022-10-21 11:05:17.701729,Necklow,necklowco,happilyheatherj,1664431454
23,real,0.1417,2022-10-21 11:05:17.701729,Necklow,necklowco,happilyheatherj,1664431454
24,mass_followers,0.2446,2022-10-21 11:05:17.701729,Necklow,necklowco,unlimitedleezy,1662974768
25,suspicious,0.2021,2022-10-21 11:05:17.701729,Necklow,necklowco,unlimitedleezy,1662974768
26,influencers,0.2148,2022-10-21 11:05:17.701729,Necklow,necklowco,unlimitedleezy,1662974768
27,real,0.3385,2022-10-21 11:05:17.701729,Necklow,necklowco,unlimitedleezy,1662974768
28,mass_followers,0.2446,2022-10-21 11:05:17.701729,Necklow,necklowco,unlimitedleezy,1664431815
29,suspicious,0.2022,2022-10-21 11:05:17.701729,Necklow,necklowco,unlimitedleezy,1664431815
30,influencers,0.2147,2022-10-21 11:05:17.701729,Necklow,necklowco,unlimitedleezy,1664431815
31,real,0.3385,2022-10-21 11:05:17.701729,Necklow,necklowco,unlimitedleezy,1664431815
32,mass_followers,0.2446,2022-10-21 11:05:17.701729,Necklow,necklowco,unlimitedleezy,1662645927
33,suspicious,0.202,2022-10-21 11:05:17.701729,Necklow,necklowco,unlimitedleezy,1662645927
34,influencers,0.2149,2022-10-21 11:05:17.701729,Necklow,necklowco,unlimitedleezy,1662645927
35,real,0.3385,2022-10-21 11:05:17.701729,Necklow,necklowco,unlimitedleezy,1662645927
36,mass_followers,0.293304,2022-10-21 11:05:17.701729,Necklow,necklowco,sonabonds,1664431668
37,suspicious,0.050913,2022-10-21 11:05:17.701729,Necklow,necklowco,sonabonds,1664431668
38,influencers,0.278085,2022-10-21 11:05:17.701729,Necklow,necklowco,sonabonds,1664431668
39,real,0.377698,2022-10-21 11:05:17.701729,Necklow,necklowco,sonabonds,1664431668
40,mass_followers,0.293581,2022-10-21 11:05:17.701729,Necklow,necklowco,sonabonds,1662974763
41,suspicious,0.050913,2022-10-21 11:05:17.701729,Necklow,necklowco,sonabonds,1662974763
42,influencers,0.277809,2022-10-21 11:05:17.701729,Necklow,necklowco,sonabonds,1662974763
43,real,0.377698,2022-10-21 11:05:17.701729,Necklow,necklowco,sonabonds,1662974763
44,mass_followers,0.293304,2022-10-21 11:05:17.701729,Necklow,necklowco,sonabonds,1662646268
45,suspicious,0.050636,2022-10-21 11:05:17.701729,Necklow,necklowco,sonabonds,1662646268
46,influencers,0.278362,2022-10-21 11:05:17.701729,Necklow,necklowco,sonabonds,1662646268
47,real,0.377698,2022-10-21 11:05:17.701729,Necklow,necklowco,sonabonds,1662646268
48,mass_followers,0.088809,2022-10-21 11:05:17.701729,Necklow,necklowco,patrianasonia,1662646339
49,suspicious,0.14535,2022-10-21 11:05:17.701729,Necklow,necklowco,patrianasonia,1662646339
50,influencers,0.11162,2022-10-21 11:05:17.701729,Necklow,necklowco,patrianasonia,1662646339
51,real,0.654221,2022-10-21 11:05:17.701729,Necklow,necklowco,patrianasonia,1662646339
52,mass_followers,0.088809,2022-10-21 11:05:17.701729,Necklow,necklowco,patrianasonia,1664431880
53,suspicious,0.145447,2022-10-21 11:05:17.701729,Necklow,necklowco,patrianasonia,1664431880
54,influencers,0.111523,2022-10-21 11:05:17.701729,Necklow,necklowco,patrianasonia,1664431880
55,real,0.654221,2022-10-21 11:05:17.701729,Necklow,necklowco,patrianasonia,1664431880
56,mass_followers,0.088809,2022-10-21 11:05:17.701729,Necklow,necklowco,patrianasonia,1662974824
57,suspicious,0.14535,2022-10-21 11:05:17.701729,Necklow,necklowco,patrianasonia,1662974824
58,influencers,0.11162,2022-10-21 11:05:17.701729,Necklow,necklowco,patrianasonia,1662974824
59,real,0.654221,2022-10-21 11:05:17.701729,Necklow,necklowco,patrianasonia,1662974824
60,mass_followers,0.2629,2022-10-21 11:05:17.701729,Necklow,necklowco,peedi_c,1662645841
61,suspicious,0.115,2022-10-21 11:05:17.701729,Necklow,necklowco,peedi_c,1662645841
62,influencers,0.165,2022-10-21 11:05:17.701729,Necklow,necklowco,peedi_c,1662645841
63,real,0.4571,2022-10-21 11:05:17.701729,Necklow,necklowco,peedi_c,1662645841
64,mass_followers,0.263,2022-10-21 11:05:17.701729,Necklow,necklowco,peedi_c,1664431677
65,suspicious,0.1152,2022-10-21 11:05:17.701729,Necklow,necklowco,peedi_c,1664431677
66,influencers,0.1648,2022-10-21 11:05:17.701729,Necklow,necklowco,peedi_c,1664431677
67,real,0.457,2022-10-21 11:05:17.701729,Necklow,necklowco,peedi_c,1664431677
68,mass_followers,0.2628,2022-10-21 11:05:17.701729,Necklow,necklowco,peedi_c,1662974792
69,suspicious,0.1151,2022-10-21 11:05:17.701729,Necklow,necklowco,peedi_c,1662974792
70,influencers,0.165,2022-10-21 11:05:17.701729,Necklow,necklowco,peedi_c,1662974792
71,real,0.4571,2022-10-21 11:05:17.701729,Necklow,necklowco,peedi_c,1662974792
72,mass_followers,0.071583,2022-10-21 11:05:17.701729,Necklow,necklowco,imara.grant,1662645451
73,suspicious,0.182498,2022-10-21 11:05:17.701729,Necklow,necklowco,imara.grant,1662645451
74,influencers,0.079056,2022-10-21 11:05:17.701729,Necklow,necklowco,imara.grant,1662645451
75,real,0.666863,2022-10-21 11:05:17.701729,Necklow,necklowco,imara.grant,1662645451
76,mass_followers,0.071583,2022-10-21 11:05:17.701729,Necklow,necklowco,imara.grant,1662974788
77,suspicious,0.182498,2022-10-21 11:05:17.701729,Necklow,necklowco,imara.grant,1662974788
78,influencers,0.079056,2022-10-21 11:05:17.701729,Necklow,necklowco,imara.grant,1662974788
79,real,0.666863,2022-10-21 11:05:17.701729,Necklow,necklowco,imara.grant,1662974788
80,mass_followers,0.071681,2022-10-21 11:05:17.701729,Necklow,necklowco,imara.grant,1664431627
81,suspicious,0.182596,2022-10-21 11:05:17.701729,Necklow,necklowco,imara.grant,1664431627
82,influencers,0.078859,2022-10-21 11:05:17.701729,Necklow,necklowco,imara.grant,1664431627
83,real,0.666863,2022-10-21 11:05:17.701729,Necklow,necklowco,imara.grant,1664431627
84,mass_followers,0.261834,2022-10-21 11:05:17.701729,Necklow,necklowco,lillyjbennett,1662645466
85,suspicious,0.062763,2022-10-21 11:05:17.701729,Necklow,necklowco,lillyjbennett,1662645466
86,influencers,0.161992,2022-10-21 11:05:17.701729,Necklow,necklowco,lillyjbennett,1662645466
87,real,0.513412,2022-10-21 11:05:17.701729,Necklow,necklowco,lillyjbennett,1662645466
88,mass_followers,0.261834,2022-10-21 11:05:17.701729,Necklow,necklowco,lillyjbennett,1664431435
89,suspicious,0.062763,2022-10-21 11:05:17.701729,Necklow,necklowco,lillyjbennett,1664431435
90,influencers,0.161992,2022-10-21 11:05:17.701729,Necklow,necklowco,lillyjbennett,1664431435
91,real,0.513412,2022-10-21 11:05:17.701729,Necklow,necklowco,lillyjbennett,1664431435
92,mass_followers,0.261834,2022-10-21 11:05:17.701729,Necklow,necklowco,lillyjbennett,1662974786
93,suspicious,0.062763,2022-10-21 11:05:17.701729,Necklow,necklowco,lillyjbennett,1662974786
94,influencers,0.161992,2022-10-21 11:05:17.701729,Necklow,necklowco,lillyjbennett,1662974786
95,real,0.513412,2022-10-21 11:05:17.701729,Necklow,necklowco,lillyjbennett,1662974786
96,mass_followers,0.4099,2022-10-21 11:05:17.701729,Necklow,necklowco,stylishpharmacist,1662974755
97,suspicious,0.0488,2022-10-21 11:05:17.701729,Necklow,necklowco,stylishpharmacist,1662974755
98,influencers,0.333,2022-10-21 11:05:17.701729,Necklow,necklowco,stylishpharmacist,1662974755
99,real,0.2083,2022-10-21 11:05:17.701729,Necklow,necklowco,stylishpharmacist,1662974755
100,mass_followers,0.41,2022-10-21 11:05:17.701729,Necklow,necklowco,stylishpharmacist,1664431506
101,suspicious,0.049,2022-10-21 11:05:17.701729,Necklow,necklowco,stylishpharmacist,1664431506
102,influencers,0.3324,2022-10-21 11:05:17.701729,Necklow,necklowco,stylishpharmacist,1664431506
103,real,0.2086,2022-10-21 11:05:17.701729,Necklow,necklowco,stylishpharmacist,1664431506
104,mass_followers,0.4099,2022-10-21 11:05:17.701729,Necklow,necklowco,stylishpharmacist,1662645931
105,suspicious,0.0485,2022-10-21 11:05:17.701729,Necklow,necklowco,stylishpharmacist,1662645931
106,influencers,0.3333,2022-10-21 11:05:17.701729,Necklow,necklowco,stylishpharmacist,1662645931
107,real,0.2083,2022-10-21 11:05:17.701729,Necklow,necklowco,stylishpharmacist,1662645931
108,mass_followers,0.267933,2022-10-21 11:05:17.701729,Necklow,necklowco,avaireland729,1664431668
109,suspicious,0.194466,2022-10-21 11:05:17.701729,Necklow,necklowco,avaireland729,1664431668
110,influencers,0.041169,2022-10-21 11:05:17.701729,Necklow,necklowco,avaireland729,1664431668
111,real,0.496433,2022-10-21 11:05:17.701729,Necklow,necklowco,avaireland729,1664431668
112,mass_followers,0.267933,2022-10-21 11:05:17.701729,Necklow,necklowco,avaireland729,1662645423
113,suspicious,0.194369,2022-10-21 11:05:17.701729,Necklow,necklowco,avaireland729,1662645423
114,influencers,0.041265,2022-10-21 11:05:17.701729,Necklow,necklowco,avaireland729,1662645423
115,real,0.496433,2022-10-21 11:05:17.701729,Necklow,necklowco,avaireland729,1662645423
0,mass_followers,0.267933,2022-10-21 11:05:17.701729,Necklow,necklowco,avaireland729,1662975091
1,suspicious,0.194369,2022-10-21 11:05:17.701729,Necklow,necklowco,avaireland729,1662975091
2,influencers,0.041265,2022-10-21 11:05:17.701729,Necklow,necklowco,avaireland729,1662975091
3,real,0.496433,2022-10-21 11:05:17.701729,Necklow,necklowco,avaireland729,1662975091
0,mass_followers,0.262271,2022-10-21 11:05:17.701729,Beauty Melanin,beauty_melanin_,christinadahlmusic,1664431704
1,suspicious,0.061722,2022-10-21 11:05:17.701729,Beauty Melanin,beauty_melanin_,christinadahlmusic,1664431704
2,influencers,0.288821,2022-10-21 11:05:17.701729,Beauty Melanin,beauty_melanin_,christinadahlmusic,1664431704
3,real,0.387185,2022-10-21 11:05:17.701729,Beauty Melanin,beauty_melanin_,christinadahlmusic,1664431704
4,mass_followers,0.262075,2022-10-21 11:05:17.701729,Beauty Melanin,beauty_melanin_,christinadahlmusic,1662645855
5,suspicious,0.061526,2022-10-21 11:05:17.701729,Beauty Melanin,beauty_melanin_,christinadahlmusic,1662645855
6,influencers,0.289115,2022-10-21 11:05:17.701729,Beauty Melanin,beauty_melanin_,christinadahlmusic,1662645855
7,real,0.387283,2022-10-21 11:05:17.701729,Beauty Melanin,beauty_melanin_,christinadahlmusic,1662645855
8,mass_followers,0.262173,2022-10-21 11:05:17.701729,Beauty Melanin,beauty_melanin_,christinadahlmusic,1662975306
9,suspicious,0.061526,2022-10-21 11:05:17.701729,Beauty Melanin,beauty_melanin_,christinadahlmusic,1662975306
10,influencers,0.289017,2022-10-21 11:05:17.701729,Beauty Melanin,beauty_melanin_,christinadahlmusic,1662975306
11,real,0.387283,2022-10-21 11:05:17.701729,Beauty Melanin,beauty_melanin_,christinadahlmusic,1662975306
12,mass_followers,0.351784,2022-10-21 11:05:17.701729,Beauty Melanin,beauty_melanin_,itsthedonjordan,1662975315
13,suspicious,0.107137,2022-10-21 11:05:17.701729,Beauty Melanin,beauty_melanin_,itsthedonjordan,1662975315
14,influencers,0.224195,2022-10-21 11:05:17.701729,Beauty Melanin,beauty_melanin_,itsthedonjordan,1662975315
15,real,0.316884,2022-10-21 11:05:17.701729,Beauty Melanin,beauty_melanin_,itsthedonjordan,1662975315
16,mass_followers,0.351784,2022-10-21 11:05:17.701729,Beauty Melanin,beauty_melanin_,itsthedonjordan,1662645418
17,suspicious,0.107137,2022-10-21 11:05:17.701729,Beauty Melanin,beauty_melanin_,itsthedonjordan,1662645418
18,influencers,0.224195,2022-10-21 11:05:17.701729,Beauty Melanin,beauty_melanin_,itsthedonjordan,1662645418
19,real,0.316884,2022-10-21 11:05:17.701729,Beauty Melanin,beauty_melanin_,itsthedonjordan,1662645418
20,mass_followers,0.351871,2022-10-21 11:05:17.701729,Beauty Melanin,beauty_melanin_,itsthedonjordan,1664432559
21,suspicious,0.106876,2022-10-21 11:05:17.701729,Beauty Melanin,beauty_melanin_,itsthedonjordan,1664432559
22,influencers,0.224369,2022-10-21 11:05:17.701729,Beauty Melanin,beauty_melanin_,itsthedonjordan,1664432559
23,real,0.316884,2022-10-21 11:05:17.701729,Beauty Melanin,beauty_melanin_,itsthedonjordan,1664432559
24,mass_followers,0.071583,2022-10-21 11:05:17.701729,Beauty Melanin,beauty_melanin_,imara.grant,1662645904
25,suspicious,0.182498,2022-10-21 11:05:17.701729,Beauty Melanin,beauty_melanin_,imara.grant,1662645904
26,influencers,0.079056,2022-10-21 11:05:17.701729,Beauty Melanin,beauty_melanin_,imara.grant,1662645904
27,real,0.666863,2022-10-21 11:05:17.701729,Beauty Melanin,beauty_melanin_,imara.grant,1662645904
28,mass_followers,0.071681,2022-10-21 11:05:17.701729,Beauty Melanin,beauty_melanin_,imara.grant,1664431870
29,suspicious,0.182596,2022-10-21 11:05:17.701729,Beauty Melanin,beauty_melanin_,imara.grant,1664431870
30,influencers,0.078859,2022-10-21 11:05:17.701729,Beauty Melanin,beauty_melanin_,imara.grant,1664431870
31,real,0.666863,2022-10-21 11:05:17.701729,Beauty Melanin,beauty_melanin_,imara.grant,1664431870
32,mass_followers,0.071583,2022-10-21 11:05:17.701729,Beauty Melanin,beauty_melanin_,imara.grant,1662975192
33,suspicious,0.182498,2022-10-21 11:05:17.701729,Beauty Melanin,beauty_melanin_,imara.grant,1662975192
34,influencers,0.079056,2022-10-21 11:05:17.701729,Beauty Melanin,beauty_melanin_,imara.grant,1662975192
35,real,0.666863,2022-10-21 11:05:17.701729,Beauty Melanin,beauty_melanin_,imara.grant,1662975192
36,mass_followers,0.415068,2022-10-21 11:05:17.701729,Beauty Melanin,beauty_melanin_,amma.agyei,1662645397
37,suspicious,0.053589,2022-10-21 11:05:17.701729,Beauty Melanin,beauty_melanin_,amma.agyei,1662645397
38,influencers,0.301167,2022-10-21 11:05:17.701729,Beauty Melanin,beauty_melanin_,amma.agyei,1662645397
39,real,0.230176,2022-10-21 11:05:17.701729,Beauty Melanin,beauty_melanin_,amma.agyei,1662645397
40,mass_followers,0.415068,2022-10-21 11:05:17.701729,Beauty Melanin,beauty_melanin_,amma.agyei,1664431836
41,suspicious,0.053787,2022-10-21 11:05:17.701729,Beauty Melanin,beauty_melanin_,amma.agyei,1664431836
42,influencers,0.300969,2022-10-21 11:05:17.701729,Beauty Melanin,beauty_melanin_,amma.agyei,1664431836
43,real,0.230176,2022-10-21 11:05:17.701729,Beauty Melanin,beauty_melanin_,amma.agyei,1664431836
44,mass_followers,0.41487,2022-10-21 11:05:17.701729,Beauty Melanin,beauty_melanin_,amma.agyei,1662975218
45,suspicious,0.053787,2022-10-21 11:05:17.701729,Beauty Melanin,beauty_melanin_,amma.agyei,1662975218
46,influencers,0.301167,2022-10-21 11:05:17.701729,Beauty Melanin,beauty_melanin_,amma.agyei,1662975218
47,real,0.230176,2022-10-21 11:05:17.701729,Beauty Melanin,beauty_melanin_,amma.agyei,1662975218
48,mass_followers,0.250174,2022-10-21 11:05:17.701729,Beauty Melanin,beauty_melanin_,soogabooga,1662975173
49,suspicious,0.097687,2022-10-21 11:05:17.701729,Beauty Melanin,beauty_melanin_,soogabooga,1662975173
50,influencers,0.153579,2022-10-21 11:05:17.701729,Beauty Melanin,beauty_melanin_,soogabooga,1662975173
51,real,0.498561,2022-10-21 11:05:17.701729,Beauty Melanin,beauty_melanin_,soogabooga,1662975173
52,mass_followers,0.250174,2022-10-21 11:05:17.701729,Beauty Melanin,beauty_melanin_,soogabooga,1662645522
53,suspicious,0.097687,2022-10-21 11:05:17.701729,Beauty Melanin,beauty_melanin_,soogabooga,1662645522
54,influencers,0.153579,2022-10-21 11:05:17.701729,Beauty Melanin,beauty_melanin_,soogabooga,1662645522
55,real,0.498561,2022-10-21 11:05:17.701729,Beauty Melanin,beauty_melanin_,soogabooga,1662645522
56,mass_followers,0.250174,2022-10-21 11:05:17.701729,Beauty Melanin,beauty_melanin_,soogabooga,1664431703
57,suspicious,0.097687,2022-10-21 11:05:17.701729,Beauty Melanin,beauty_melanin_,soogabooga,1664431703
58,influencers,0.153579,2022-10-21 11:05:17.701729,Beauty Melanin,beauty_melanin_,soogabooga,1664431703
59,real,0.498561,2022-10-21 11:05:17.701729,Beauty Melanin,beauty_melanin_,soogabooga,1664431703
60,mass_followers,0.30385,2022-10-21 11:05:17.701729,Beauty Melanin,beauty_melanin_,iice.amber,1664431536
61,suspicious,0.089635,2022-10-21 11:05:17.701729,Beauty Melanin,beauty_melanin_,iice.amber,1664431536
62,influencers,0.211254,2022-10-21 11:05:17.701729,Beauty Melanin,beauty_melanin_,iice.amber,1664431536
63,real,0.395262,2022-10-21 11:05:17.701729,Beauty Melanin,beauty_melanin_,iice.amber,1664431536
64,mass_followers,0.303751,2022-10-21 11:05:17.701729,Beauty Melanin,beauty_melanin_,iice.amber,1662975347
65,suspicious,0.089536,2022-10-21 11:05:17.701729,Beauty Melanin,beauty_melanin_,iice.amber,1662975347
66,influencers,0.211451,2022-10-21 11:05:17.701729,Beauty Melanin,beauty_melanin_,iice.amber,1662975347
67,real,0.395262,2022-10-21 11:05:17.701729,Beauty Melanin,beauty_melanin_,iice.amber,1662975347
68,mass_followers,0.303751,2022-10-21 11:05:17.701729,Beauty Melanin,beauty_melanin_,iice.amber,1662646244
69,suspicious,0.089536,2022-10-21 11:05:17.701729,Beauty Melanin,beauty_melanin_,iice.amber,1662646244
70,influencers,0.211451,2022-10-21 11:05:17.701729,Beauty Melanin,beauty_melanin_,iice.amber,1662646244
71,real,0.395262,2022-10-21 11:05:17.701729,Beauty Melanin,beauty_melanin_,iice.amber,1662646244
72,mass_followers,0.594975,2022-10-21 11:05:17.701729,Beauty Melanin,beauty_melanin_,theankitaagrawal,1662975261
73,suspicious,0.234555,2022-10-21 11:05:17.701729,Beauty Melanin,beauty_melanin_,theankitaagrawal,1662975261
74,influencers,0.075496,2022-10-21 11:05:17.701729,Beauty Melanin,beauty_melanin_,theankitaagrawal,1662975261
75,real,0.094975,2022-10-21 11:05:17.701729,Beauty Melanin,beauty_melanin_,theankitaagrawal,1662975261
76,mass_followers,0.614207,2022-10-21 11:05:17.701729,Beauty Melanin,beauty_melanin_,theankitaagrawal,1662645764
77,suspicious,0.223865,2022-10-21 11:05:17.701729,Beauty Melanin,beauty_melanin_,theankitaagrawal,1662645764
78,influencers,0.075059,2022-10-21 11:05:17.701729,Beauty Melanin,beauty_melanin_,theankitaagrawal,1662645764
79,real,0.086869,2022-10-21 11:05:17.701729,Beauty Melanin,beauty_melanin_,theankitaagrawal,1662645764
0,mass_followers,0.599376,2022-10-21 11:05:17.701729,Beauty Melanin,beauty_melanin_,theankitaagrawal,1664432416
1,suspicious,0.233623,2022-10-21 11:05:17.701729,Beauty Melanin,beauty_melanin_,theankitaagrawal,1664432416
2,influencers,0.074086,2022-10-21 11:05:17.701729,Beauty Melanin,beauty_melanin_,theankitaagrawal,1664432416
3,real,0.092914,2022-10-21 11:05:17.701729,Beauty Melanin,beauty_melanin_,theankitaagrawal,1664432416
0,mass_followers,0.262173,2022-10-21 11:05:17.701729,Hereafter,from_hereafter,christinadahlmusic,1662974934
1,suspicious,0.061526,2022-10-21 11:05:17.701729,Hereafter,from_hereafter,christinadahlmusic,1662974934
2,influencers,0.289017,2022-10-21 11:05:17.701729,Hereafter,from_hereafter,christinadahlmusic,1662974934
3,real,0.387283,2022-10-21 11:05:17.701729,Hereafter,from_hereafter,christinadahlmusic,1662974934
4,mass_followers,0.262075,2022-10-21 11:05:17.701729,Hereafter,from_hereafter,christinadahlmusic,1662645818
5,suspicious,0.061526,2022-10-21 11:05:17.701729,Hereafter,from_hereafter,christinadahlmusic,1662645818
6,influencers,0.289115,2022-10-21 11:05:17.701729,Hereafter,from_hereafter,christinadahlmusic,1662645818
7,real,0.387283,2022-10-21 11:05:17.701729,Hereafter,from_hereafter,christinadahlmusic,1662645818
8,mass_followers,0.262271,2022-10-21 11:05:17.701729,Hereafter,from_hereafter,christinadahlmusic,1664431544
9,suspicious,0.061722,2022-10-21 11:05:17.701729,Hereafter,from_hereafter,christinadahlmusic,1664431544
10,influencers,0.288821,2022-10-21 11:05:17.701729,Hereafter,from_hereafter,christinadahlmusic,1664431544
11,real,0.387185,2022-10-21 11:05:17.701729,Hereafter,from_hereafter,christinadahlmusic,1664431544
12,mass_followers,0.305057,2022-10-21 11:05:17.701729,Hereafter,from_hereafter,kaymcre,1663087029
13,suspicious,0.083197,2022-10-21 11:05:17.701729,Hereafter,from_hereafter,kaymcre,1663087029
14,influencers,0.205546,2022-10-21 11:05:17.701729,Hereafter,from_hereafter,kaymcre,1663087029
15,real,0.406199,2022-10-21 11:05:17.701729,Hereafter,from_hereafter,kaymcre,1663087029
16,mass_followers,0.305057,2022-10-21 11:05:17.701729,Hereafter,from_hereafter,kaymcre,1664431567
17,suspicious,0.083197,2022-10-21 11:05:17.701729,Hereafter,from_hereafter,kaymcre,1664431567
18,influencers,0.205546,2022-10-21 11:05:17.701729,Hereafter,from_hereafter,kaymcre,1664431567
19,real,0.406199,2022-10-21 11:05:17.701729,Hereafter,from_hereafter,kaymcre,1664431567
20,mass_followers,0.35764,2022-10-21 11:05:17.701729,Hereafter,from_hereafter,ashleynelltipton,1662975322
21,suspicious,0.032718,2022-10-21 11:05:17.701729,Hereafter,from_hereafter,ashleynelltipton,1662975322
22,influencers,0.081013,2022-10-21 11:05:17.701729,Hereafter,from_hereafter,ashleynelltipton,1662975322
23,real,0.528629,2022-10-21 11:05:17.701729,Hereafter,from_hereafter,ashleynelltipton,1662975322
24,mass_followers,0.357466,2022-10-21 11:05:17.701729,Hereafter,from_hereafter,ashleynelltipton,1662645381
25,suspicious,0.032718,2022-10-21 11:05:17.701729,Hereafter,from_hereafter,ashleynelltipton,1662645381
26,influencers,0.081187,2022-10-21 11:05:17.701729,Hereafter,from_hereafter,ashleynelltipton,1662645381
27,real,0.528629,2022-10-21 11:05:17.701729,Hereafter,from_hereafter,ashleynelltipton,1662645381
28,mass_followers,0.357553,2022-10-21 11:05:17.701729,Hereafter,from_hereafter,ashleynelltipton,1664431640
29,suspicious,0.032805,2022-10-21 11:05:17.701729,Hereafter,from_hereafter,ashleynelltipton,1664431640
30,influencers,0.0811,2022-10-21 11:05:17.701729,Hereafter,from_hereafter,ashleynelltipton,1664431640
31,real,0.528542,2022-10-21 11:05:17.701729,Hereafter,from_hereafter,ashleynelltipton,1664431640
32,mass_followers,0.272254,2022-10-21 11:05:17.701729,Hereafter,from_hereafter,the_vintage_bombshell,1664431721
33,suspicious,0.067369,2022-10-21 11:05:17.701729,Hereafter,from_hereafter,the_vintage_bombshell,1664431721
34,influencers,0.248756,2022-10-21 11:05:17.701729,Hereafter,from_hereafter,the_vintage_bombshell,1664431721
35,real,0.411622,2022-10-21 11:05:17.701729,Hereafter,from_hereafter,the_vintage_bombshell,1664431721
36,mass_followers,0.272138,2022-10-21 11:05:17.701729,Hereafter,from_hereafter,the_vintage_bombshell,1662975303
37,suspicious,0.067485,2022-10-21 11:05:17.701729,Hereafter,from_hereafter,the_vintage_bombshell,1662975303
38,influencers,0.248871,2022-10-21 11:05:17.701729,Hereafter,from_hereafter,the_vintage_bombshell,1662975303
39,real,0.411506,2022-10-21 11:05:17.701729,Hereafter,from_hereafter,the_vintage_bombshell,1662975303
40,mass_followers,0.272022,2022-10-21 11:05:17.701729,Hereafter,from_hereafter,the_vintage_bombshell,1662646317
41,suspicious,0.067485,2022-10-21 11:05:17.701729,Hereafter,from_hereafter,the_vintage_bombshell,1662646317
42,influencers,0.249103,2022-10-21 11:05:17.701729,Hereafter,from_hereafter,the_vintage_bombshell,1662646317
43,real,0.41139,2022-10-21 11:05:17.701729,Hereafter,from_hereafter,the_vintage_bombshell,1662646317
44,mass_followers,0.302671,2022-10-21 11:05:17.701729,Hereafter,from_hereafter,oxmxl,1664431632
45,suspicious,0.090504,2022-10-21 11:05:17.701729,Hereafter,from_hereafter,oxmxl,1664431632
46,influencers,0.224365,2022-10-21 11:05:17.701729,Hereafter,from_hereafter,oxmxl,1664431632
47,real,0.38246,2022-10-21 11:05:17.701729,Hereafter,from_hereafter,oxmxl,1664431632
48,mass_followers,0.302506,2022-10-21 11:05:17.701729,Hereafter,from_hereafter,oxmxl,1662646263
49,suspicious,0.090504,2022-10-21 11:05:17.701729,Hereafter,from_hereafter,oxmxl,1662646263
50,influencers,0.22453,2022-10-21 11:05:17.701729,Hereafter,from_hereafter,oxmxl,1662646263
51,real,0.38246,2022-10-21 11:05:17.701729,Hereafter,from_hereafter,oxmxl,1662646263
52,mass_followers,0.302506,2022-10-21 11:05:17.701729,Hereafter,from_hereafter,oxmxl,1662974747
53,suspicious,0.090504,2022-10-21 11:05:17.701729,Hereafter,from_hereafter,oxmxl,1662974747
54,influencers,0.22453,2022-10-21 11:05:17.701729,Hereafter,from_hereafter,oxmxl,1662974747
55,real,0.38246,2022-10-21 11:05:17.701729,Hereafter,from_hereafter,oxmxl,1662974747
56,mass_followers,0.3798,2022-10-21 11:05:17.701729,Hereafter,from_hereafter,mel77wa,1662646031
57,suspicious,0.0256,2022-10-21 11:05:17.701729,Hereafter,from_hereafter,mel77wa,1662646031
58,influencers,0.2436,2022-10-21 11:05:17.701729,Hereafter,from_hereafter,mel77wa,1662646031
59,real,0.351,2022-10-21 11:05:17.701729,Hereafter,from_hereafter,mel77wa,1662646031
60,mass_followers,0.3799,2022-10-21 11:05:17.701729,Hereafter,from_hereafter,mel77wa,1664431777
61,suspicious,0.0256,2022-10-21 11:05:17.701729,Hereafter,from_hereafter,mel77wa,1664431777
62,influencers,0.2435,2022-10-21 11:05:17.701729,Hereafter,from_hereafter,mel77wa,1664431777
63,real,0.351,2022-10-21 11:05:17.701729,Hereafter,from_hereafter,mel77wa,1664431777
64,mass_followers,0.3798,2022-10-21 11:05:17.701729,Hereafter,from_hereafter,mel77wa,1662974771
65,suspicious,0.0256,2022-10-21 11:05:17.701729,Hereafter,from_hereafter,mel77wa,1662974771
66,influencers,0.2436,2022-10-21 11:05:17.701729,Hereafter,from_hereafter,mel77wa,1662974771
67,real,0.351,2022-10-21 11:05:17.701729,Hereafter,from_hereafter,mel77wa,1662974771
68,mass_followers,0.4306,2022-10-21 11:05:17.701729,Hereafter,from_hereafter,momentswithmellissa,1664432004
69,suspicious,0.0186,2022-10-21 11:05:17.701729,Hereafter,from_hereafter,momentswithmellissa,1664432004
70,influencers,0.3279,2022-10-21 11:05:17.701729,Hereafter,from_hereafter,momentswithmellissa,1664432004
71,real,0.2229,2022-10-21 11:05:17.701729,Hereafter,from_hereafter,momentswithmellissa,1664432004
72,mass_followers,0.4309,2022-10-21 11:05:17.701729,Hereafter,from_hereafter,momentswithmellissa,1662974826
73,suspicious,0.0186,2022-10-21 11:05:17.701729,Hereafter,from_hereafter,momentswithmellissa,1662974826
74,influencers,0.3277,2022-10-21 11:05:17.701729,Hereafter,from_hereafter,momentswithmellissa,1662974826
75,real,0.2228,2022-10-21 11:05:17.701729,Hereafter,from_hereafter,momentswithmellissa,1662974826
76,mass_followers,0.431,2022-10-21 11:05:17.701729,Hereafter,from_hereafter,momentswithmellissa,1662646114
77,suspicious,0.0183,2022-10-21 11:05:17.701729,Hereafter,from_hereafter,momentswithmellissa,1662646114
78,influencers,0.3279,2022-10-21 11:05:17.701729,Hereafter,from_hereafter,momentswithmellissa,1662646114
79,real,0.2228,2022-10-21 11:05:17.701729,Hereafter,from_hereafter,momentswithmellissa,1662646114
80,mass_followers,0.470665,2022-10-21 11:05:17.701729,Hereafter,from_hereafter,_natalii3,1662974924
81,suspicious,0.082102,2022-10-21 11:05:17.701729,Hereafter,from_hereafter,_natalii3,1662974924
82,influencers,0.179155,2022-10-21 11:05:17.701729,Hereafter,from_hereafter,_natalii3,1662974924
83,real,0.268077,2022-10-21 11:05:17.701729,Hereafter,from_hereafter,_natalii3,1662974924
84,mass_followers,0.470665,2022-10-21 11:05:17.701729,Hereafter,from_hereafter,_natalii3,1664431509
85,suspicious,0.082277,2022-10-21 11:05:17.701729,Hereafter,from_hereafter,_natalii3,1664431509
86,influencers,0.178981,2022-10-21 11:05:17.701729,Hereafter,from_hereafter,_natalii3,1664431509
87,real,0.268077,2022-10-21 11:05:17.701729,Hereafter,from_hereafter,_natalii3,1664431509
88,mass_followers,0.470753,2022-10-21 11:05:17.701729,Hereafter,from_hereafter,_natalii3,1662645760
89,suspicious,0.082189,2022-10-21 11:05:17.701729,Hereafter,from_hereafter,_natalii3,1662645760
90,influencers,0.178981,2022-10-21 11:05:17.701729,Hereafter,from_hereafter,_natalii3,1662645760
91,real,0.268077,2022-10-21 11:05:17.701729,Hereafter,from_hereafter,_natalii3,1662645760
92,mass_followers,0.3832,2022-10-21 11:05:17.701729,Hereafter,from_hereafter,livingwithjackie_,1662974802
93,suspicious,0.0465,2022-10-21 11:05:17.701729,Hereafter,from_hereafter,livingwithjackie_,1662974802
94,influencers,0.3662,2022-10-21 11:05:17.701729,Hereafter,from_hereafter,livingwithjackie_,1662974802
95,real,0.2041,2022-10-21 11:05:17.701729,Hereafter,from_hereafter,livingwithjackie_,1662974802
96,mass_followers,0.3832,2022-10-21 11:05:17.701729,Hereafter,from_hereafter,livingwithjackie_,1662645439
97,suspicious,0.0465,2022-10-21 11:05:17.701729,Hereafter,from_hereafter,livingwithjackie_,1662645439
98,influencers,0.3664,2022-10-21 11:05:17.701729,Hereafter,from_hereafter,livingwithjackie_,1662645439
99,real,0.2039,2022-10-21 11:05:17.701729,Hereafter,from_hereafter,livingwithjackie_,1662645439
100,mass_followers,0.3835,2022-10-21 11:05:17.701729,Hereafter,from_hereafter,livingwithjackie_,1664431735
101,suspicious,0.0466,2022-10-21 11:05:17.701729,Hereafter,from_hereafter,livingwithjackie_,1664431735
102,influencers,0.3652,2022-10-21 11:05:17.701729,Hereafter,from_hereafter,livingwithjackie_,1664431735
103,real,0.2047,2022-10-21 11:05:17.701729,Hereafter,from_hereafter,livingwithjackie_,1664431735
104,mass_followers,0.514218,2022-10-21 11:05:17.701729,Hereafter,from_hereafter,officialmsharper,1662645870
105,suspicious,0.072766,2022-10-21 11:05:17.701729,Hereafter,from_hereafter,officialmsharper,1662645870
106,influencers,0.146503,2022-10-21 11:05:17.701729,Hereafter,from_hereafter,officialmsharper,1662645870
107,real,0.266514,2022-10-21 11:05:17.701729,Hereafter,from_hereafter,officialmsharper,1662645870
108,mass_followers,0.518404,2022-10-21 11:05:17.701729,Hereafter,from_hereafter,officialmsharper,1662974949
109,suspicious,0.071936,2022-10-21 11:05:17.701729,Hereafter,from_hereafter,officialmsharper,1662974949
110,influencers,0.143591,2022-10-21 11:05:17.701729,Hereafter,from_hereafter,officialmsharper,1662974949
111,real,0.266069,2022-10-21 11:05:17.701729,Hereafter,from_hereafter,officialmsharper,1662974949
112,mass_followers,0.513279,2022-10-21 11:05:17.701729,Hereafter,from_hereafter,officialmsharper,1664431781
113,suspicious,0.070859,2022-10-21 11:05:17.701729,Hereafter,from_hereafter,officialmsharper,1664431781
114,influencers,0.145461,2022-10-21 11:05:17.701729,Hereafter,from_hereafter,officialmsharper,1664431781
115,real,0.270401,2022-10-21 11:05:17.701729,Hereafter,from_hereafter,officialmsharper,1664431781
116,mass_followers,0.088809,2022-10-21 11:05:17.701729,Hereafter,from_hereafter,patrianasonia,1662974943
117,suspicious,0.14535,2022-10-21 11:05:17.701729,Hereafter,from_hereafter,patrianasonia,1662974943
118,influencers,0.11162,2022-10-21 11:05:17.701729,Hereafter,from_hereafter,patrianasonia,1662974943
119,real,0.654221,2022-10-21 11:05:17.701729,Hereafter,from_hereafter,patrianasonia,1662974943
120,mass_followers,0.088809,2022-10-21 11:05:17.701729,Hereafter,from_hereafter,patrianasonia,1662645399
121,suspicious,0.14535,2022-10-21 11:05:17.701729,Hereafter,from_hereafter,patrianasonia,1662645399
122,influencers,0.11162,2022-10-21 11:05:17.701729,Hereafter,from_hereafter,patrianasonia,1662645399
123,real,0.654221,2022-10-21 11:05:17.701729,Hereafter,from_hereafter,patrianasonia,1662645399
124,mass_followers,0.088809,2022-10-21 11:05:17.701729,Hereafter,from_hereafter,patrianasonia,1664431518
125,suspicious,0.145447,2022-10-21 11:05:17.701729,Hereafter,from_hereafter,patrianasonia,1664431518
126,influencers,0.111523,2022-10-21 11:05:17.701729,Hereafter,from_hereafter,patrianasonia,1664431518
127,real,0.654221,2022-10-21 11:05:17.701729,Hereafter,from_hereafter,patrianasonia,1664431518
128,mass_followers,0.4056,2022-10-21 11:05:17.701729,Hereafter,from_hereafter,harpergraemusic,1662645508
129,suspicious,0.0997,2022-10-21 11:05:17.701729,Hereafter,from_hereafter,harpergraemusic,1662645508
130,influencers,0.129,2022-10-21 11:05:17.701729,Hereafter,from_hereafter,harpergraemusic,1662645508
131,real,0.3657,2022-10-21 11:05:17.701729,Hereafter,from_hereafter,harpergraemusic,1662645508
132,mass_followers,0.4058,2022-10-21 11:05:17.701729,Hereafter,from_hereafter,harpergraemusic,1664431727
133,suspicious,0.0997,2022-10-21 11:05:17.701729,Hereafter,from_hereafter,harpergraemusic,1664431727
134,influencers,0.1288,2022-10-21 11:05:17.701729,Hereafter,from_hereafter,harpergraemusic,1664431727
135,real,0.3657,2022-10-21 11:05:17.701729,Hereafter,from_hereafter,harpergraemusic,1664431727
136,mass_followers,0.4057,2022-10-21 11:05:17.701729,Hereafter,from_hereafter,harpergraemusic,1662974993
137,suspicious,0.0997,2022-10-21 11:05:17.701729,Hereafter,from_hereafter,harpergraemusic,1662974993
138,influencers,0.1289,2022-10-21 11:05:17.701729,Hereafter,from_hereafter,harpergraemusic,1662974993
139,real,0.3657,2022-10-21 11:05:17.701729,Hereafter,from_hereafter,harpergraemusic,1662974993
140,mass_followers,0.324548,2022-10-21 11:05:17.701729,Hereafter,from_hereafter,_lunita,1664431479
141,suspicious,0.038356,2022-10-21 11:05:17.701729,Hereafter,from_hereafter,_lunita,1664431479
142,influencers,0.198958,2022-10-21 11:05:17.701729,Hereafter,from_hereafter,_lunita,1664431479
143,real,0.438139,2022-10-21 11:05:17.701729,Hereafter,from_hereafter,_lunita,1664431479
144,mass_followers,0.324449,2022-10-21 11:05:17.701729,Hereafter,from_hereafter,_lunita,1663087017
145,suspicious,0.038552,2022-10-21 11:05:17.701729,Hereafter,from_hereafter,_lunita,1663087017
146,influencers,0.198859,2022-10-21 11:05:17.701729,Hereafter,from_hereafter,_lunita,1663087017
147,real,0.438139,2022-10-21 11:05:17.701729,Hereafter,from_hereafter,_lunita,1663087017
148,mass_followers,0.162974,2022-10-21 11:05:17.701729,Hereafter,from_hereafter,raleighlilith,1662646070
149,suspicious,0.077502,2022-10-21 11:05:17.701729,Hereafter,from_hereafter,raleighlilith,1662646070
150,influencers,0.099658,2022-10-21 11:05:17.701729,Hereafter,from_hereafter,raleighlilith,1662646070
151,real,0.659865,2022-10-21 11:05:17.701729,Hereafter,from_hereafter,raleighlilith,1662646070
152,mass_followers,0.162974,2022-10-21 11:05:17.701729,Hereafter,from_hereafter,raleighlilith,1664431520
153,suspicious,0.077415,2022-10-21 11:05:17.701729,Hereafter,from_hereafter,raleighlilith,1664431520
154,influencers,0.099834,2022-10-21 11:05:17.701729,Hereafter,from_hereafter,raleighlilith,1664431520
155,real,0.659778,2022-10-21 11:05:17.701729,Hereafter,from_hereafter,raleighlilith,1664431520
156,mass_followers,0.162974,2022-10-21 11:05:17.701729,Hereafter,from_hereafter,raleighlilith,1662974962
157,suspicious,0.077415,2022-10-21 11:05:17.701729,Hereafter,from_hereafter,raleighlilith,1662974962
158,influencers,0.099834,2022-10-21 11:05:17.701729,Hereafter,from_hereafter,raleighlilith,1662974962
159,real,0.659778,2022-10-21 11:05:17.701729,Hereafter,from_hereafter,raleighlilith,1662974962
160,mass_followers,0.2761,2022-10-21 11:05:17.701729,Hereafter,from_hereafter,sarahjpreston,1664431716
161,suspicious,0.0686,2022-10-21 11:05:17.701729,Hereafter,from_hereafter,sarahjpreston,1664431716
162,influencers,0.351,2022-10-21 11:05:17.701729,Hereafter,from_hereafter,sarahjpreston,1664431716
163,real,0.3043,2022-10-21 11:05:17.701729,Hereafter,from_hereafter,sarahjpreston,1664431716
164,mass_followers,0.2759,2022-10-21 11:05:17.701729,Hereafter,from_hereafter,sarahjpreston,1662645519
165,suspicious,0.0685,2022-10-21 11:05:17.701729,Hereafter,from_hereafter,sarahjpreston,1662645519
166,influencers,0.3514,2022-10-21 11:05:17.701729,Hereafter,from_hereafter,sarahjpreston,1662645519
167,real,0.3042,2022-10-21 11:05:17.701729,Hereafter,from_hereafter,sarahjpreston,1662645519
168,mass_followers,0.276,2022-10-21 11:05:17.701729,Hereafter,from_hereafter,sarahjpreston,1662974731
169,suspicious,0.0686,2022-10-21 11:05:17.701729,Hereafter,from_hereafter,sarahjpreston,1662974731
170,influencers,0.3512,2022-10-21 11:05:17.701729,Hereafter,from_hereafter,sarahjpreston,1662974731
171,real,0.3042,2022-10-21 11:05:17.701729,Hereafter,from_hereafter,sarahjpreston,1662974731
172,mass_followers,0.335728,2022-10-21 11:05:17.701729,Hereafter,from_hereafter,miixeddoll,1664431527
173,suspicious,0.101268,2022-10-21 11:05:17.701729,Hereafter,from_hereafter,miixeddoll,1664431527
174,influencers,0.262481,2022-10-21 11:05:17.701729,Hereafter,from_hereafter,miixeddoll,1664431527
175,real,0.300523,2022-10-21 11:05:17.701729,Hereafter,from_hereafter,miixeddoll,1664431527
176,mass_followers,0.335905,2022-10-21 11:05:17.701729,Hereafter,from_hereafter,miixeddoll,1662646215
177,suspicious,0.101179,2022-10-21 11:05:17.701729,Hereafter,from_hereafter,miixeddoll,1662646215
178,influencers,0.262392,2022-10-21 11:05:17.701729,Hereafter,from_hereafter,miixeddoll,1662646215
179,real,0.300523,2022-10-21 11:05:17.701729,Hereafter,from_hereafter,miixeddoll,1662646215
180,mass_followers,0.335816,2022-10-21 11:05:17.701729,Hereafter,from_hereafter,miixeddoll,1662974736
181,suspicious,0.101179,2022-10-21 11:05:17.701729,Hereafter,from_hereafter,miixeddoll,1662974736
182,influencers,0.262481,2022-10-21 11:05:17.701729,Hereafter,from_hereafter,miixeddoll,1662974736
183,real,0.300523,2022-10-21 11:05:17.701729,Hereafter,from_hereafter,miixeddoll,1662974736
184,mass_followers,0.310264,2022-10-21 11:05:17.701729,Hereafter,from_hereafter,ofc.gaines_,1662974910
185,suspicious,0.066858,2022-10-21 11:05:17.701729,Hereafter,from_hereafter,ofc.gaines_,1662974910
186,influencers,0.066075,2022-10-21 11:05:17.701729,Hereafter,from_hereafter,ofc.gaines_,1662974910
187,real,0.556803,2022-10-21 11:05:17.701729,Hereafter,from_hereafter,ofc.gaines_,1662974910
188,mass_followers,0.310264,2022-10-21 11:05:17.701729,Hereafter,from_hereafter,ofc.gaines_,1664431836
189,suspicious,0.066858,2022-10-21 11:05:17.701729,Hereafter,from_hereafter,ofc.gaines_,1664431836
190,influencers,0.066075,2022-10-21 11:05:17.701729,Hereafter,from_hereafter,ofc.gaines_,1664431836
191,real,0.556803,2022-10-21 11:05:17.701729,Hereafter,from_hereafter,ofc.gaines_,1664431836
192,mass_followers,0.310264,2022-10-21 11:05:17.701729,Hereafter,from_hereafter,ofc.gaines_,1662645832
193,suspicious,0.066858,2022-10-21 11:05:17.701729,Hereafter,from_hereafter,ofc.gaines_,1662645832
194,influencers,0.066075,2022-10-21 11:05:17.701729,Hereafter,from_hereafter,ofc.gaines_,1662645832
195,real,0.556803,2022-10-21 11:05:17.701729,Hereafter,from_hereafter,ofc.gaines_,1662645832
196,mass_followers,0.33578,2022-10-21 11:05:17.701729,Hereafter,from_hereafter,london_dayy,1662646406
197,suspicious,0.145566,2022-10-21 11:05:17.701729,Hereafter,from_hereafter,london_dayy,1662646406
198,influencers,0.259327,2022-10-21 11:05:17.701729,Hereafter,from_hereafter,london_dayy,1662646406
199,real,0.259327,2022-10-21 11:05:17.701729,Hereafter,from_hereafter,london_dayy,1662646406
200,mass_followers,0.337003,2022-10-21 11:05:17.701729,Hereafter,from_hereafter,london_dayy,1664431459
201,suspicious,0.145566,2022-10-21 11:05:17.701729,Hereafter,from_hereafter,london_dayy,1664431459
202,influencers,0.258104,2022-10-21 11:05:17.701729,Hereafter,from_hereafter,london_dayy,1664431459
203,real,0.259327,2022-10-21 11:05:17.701729,Hereafter,from_hereafter,london_dayy,1664431459
204,mass_followers,0.33578,2022-10-21 11:05:17.701729,Hereafter,from_hereafter,london_dayy,1662974803
205,suspicious,0.145566,2022-10-21 11:05:17.701729,Hereafter,from_hereafter,london_dayy,1662974803
206,influencers,0.259327,2022-10-21 11:05:17.701729,Hereafter,from_hereafter,london_dayy,1662974803
207,real,0.259327,2022-10-21 11:05:17.701729,Hereafter,from_hereafter,london_dayy,1662974803
208,mass_followers,0.2954,2022-10-21 11:05:17.701729,Hereafter,from_hereafter,brookegriffin.fit,1664431547
209,suspicious,0.0456,2022-10-21 11:05:17.701729,Hereafter,from_hereafter,brookegriffin.fit,1664431547
210,influencers,0.1853,2022-10-21 11:05:17.701729,Hereafter,from_hereafter,brookegriffin.fit,1664431547
211,real,0.4737,2022-10-21 11:05:17.701729,Hereafter,from_hereafter,brookegriffin.fit,1664431547
212,mass_followers,0.2956,2022-10-21 11:05:17.701729,Hereafter,from_hereafter,brookegriffin.fit,1662974862
213,suspicious,0.0455,2022-10-21 11:05:17.701729,Hereafter,from_hereafter,brookegriffin.fit,1662974862
214,influencers,0.185,2022-10-21 11:05:17.701729,Hereafter,from_hereafter,brookegriffin.fit,1662974862
215,real,0.4739,2022-10-21 11:05:17.701729,Hereafter,from_hereafter,brookegriffin.fit,1662974862
216,mass_followers,0.2955,2022-10-21 11:05:17.701729,Hereafter,from_hereafter,brookegriffin.fit,1662645999
217,suspicious,0.0455,2022-10-21 11:05:17.701729,Hereafter,from_hereafter,brookegriffin.fit,1662645999
218,influencers,0.1851,2022-10-21 11:05:17.701729,Hereafter,from_hereafter,brookegriffin.fit,1662645999
219,real,0.4739,2022-10-21 11:05:17.701729,Hereafter,from_hereafter,brookegriffin.fit,1662645999
220,mass_followers,0.3041,2022-10-21 11:05:17.701729,Hereafter,from_hereafter,r4review,1662974939
221,suspicious,0.1038,2022-10-21 11:05:17.701729,Hereafter,from_hereafter,r4review,1662974939
222,influencers,0.3258,2022-10-21 11:05:17.701729,Hereafter,from_hereafter,r4review,1662974939
223,real,0.2663,2022-10-21 11:05:17.701729,Hereafter,from_hereafter,r4review,1662974939
224,mass_followers,0.304,2022-10-21 11:05:17.701729,Hereafter,from_hereafter,r4review,1662645357
225,suspicious,0.1037,2022-10-21 11:05:17.701729,Hereafter,from_hereafter,r4review,1662645357
226,influencers,0.3261,2022-10-21 11:05:17.701729,Hereafter,from_hereafter,r4review,1662645357
227,real,0.2662,2022-10-21 11:05:17.701729,Hereafter,from_hereafter,r4review,1662645357
228,mass_followers,0.3046,2022-10-21 11:05:17.701729,Hereafter,from_hereafter,r4review,1664431514
229,suspicious,0.1039,2022-10-21 11:05:17.701729,Hereafter,from_hereafter,r4review,1664431514
230,influencers,0.3252,2022-10-21 11:05:17.701729,Hereafter,from_hereafter,r4review,1664431514
231,real,0.2663,2022-10-21 11:05:17.701729,Hereafter,from_hereafter,r4review,1664431514
232,mass_followers,0.209184,2022-10-21 11:05:17.701729,Hereafter,from_hereafter,ferfloresoficial,1662974792
233,suspicious,0.055298,2022-10-21 11:05:17.701729,Hereafter,from_hereafter,ferfloresoficial,1662974792
234,influencers,0.12672,2022-10-21 11:05:17.701729,Hereafter,from_hereafter,ferfloresoficial,1662974792
235,real,0.608799,2022-10-21 11:05:17.701729,Hereafter,from_hereafter,ferfloresoficial,1662974792
236,mass_followers,0.209184,2022-10-21 11:05:17.701729,Hereafter,from_hereafter,ferfloresoficial,1662646005
237,suspicious,0.055298,2022-10-21 11:05:17.701729,Hereafter,from_hereafter,ferfloresoficial,1662646005
238,influencers,0.12672,2022-10-21 11:05:17.701729,Hereafter,from_hereafter,ferfloresoficial,1662646005
239,real,0.608799,2022-10-21 11:05:17.701729,Hereafter,from_hereafter,ferfloresoficial,1662646005
240,mass_followers,0.209184,2022-10-21 11:05:17.701729,Hereafter,from_hereafter,ferfloresoficial,1664431523
241,suspicious,0.055298,2022-10-21 11:05:17.701729,Hereafter,from_hereafter,ferfloresoficial,1664431523
242,influencers,0.12672,2022-10-21 11:05:17.701729,Hereafter,from_hereafter,ferfloresoficial,1664431523
243,real,0.608799,2022-10-21 11:05:17.701729,Hereafter,from_hereafter,ferfloresoficial,1664431523
244,mass_followers,0.287907,2022-10-21 11:05:17.701729,Hereafter,from_hereafter,erikachristiansen,1662646128
245,suspicious,0.063229,2022-10-21 11:05:17.701729,Hereafter,from_hereafter,erikachristiansen,1662646128
246,influencers,0.228975,2022-10-21 11:05:17.701729,Hereafter,from_hereafter,erikachristiansen,1662646128
247,real,0.41989,2022-10-21 11:05:17.701729,Hereafter,from_hereafter,erikachristiansen,1662646128
248,mass_followers,0.287907,2022-10-21 11:05:17.701729,Hereafter,from_hereafter,erikachristiansen,1662975292
249,suspicious,0.063229,2022-10-21 11:05:17.701729,Hereafter,from_hereafter,erikachristiansen,1662975292
250,influencers,0.228975,2022-10-21 11:05:17.701729,Hereafter,from_hereafter,erikachristiansen,1662975292
251,real,0.41989,2022-10-21 11:05:17.701729,Hereafter,from_hereafter,erikachristiansen,1662975292
252,mass_followers,0.287907,2022-10-21 11:05:17.701729,Hereafter,from_hereafter,erikachristiansen,1664432512
253,suspicious,0.063843,2022-10-21 11:05:17.701729,Hereafter,from_hereafter,erikachristiansen,1664432512
254,influencers,0.228361,2022-10-21 11:05:17.701729,Hereafter,from_hereafter,erikachristiansen,1664432512
255,real,0.41989,2022-10-21 11:05:17.701729,Hereafter,from_hereafter,erikachristiansen,1664432512
256,mass_followers,0.203462,2022-10-21 11:05:17.701729,Hereafter,from_hereafter,goodboy_zax,1662646152
257,suspicious,0.038769,2022-10-21 11:05:17.701729,Hereafter,from_hereafter,goodboy_zax,1662646152
258,influencers,0.118129,2022-10-21 11:05:17.701729,Hereafter,from_hereafter,goodboy_zax,1662646152
259,real,0.63964,2022-10-21 11:05:17.701729,Hereafter,from_hereafter,goodboy_zax,1662646152
260,mass_followers,0.203462,2022-10-21 11:05:17.701729,Hereafter,from_hereafter,goodboy_zax,1664431779
261,suspicious,0.038769,2022-10-21 11:05:17.701729,Hereafter,from_hereafter,goodboy_zax,1664431779
262,influencers,0.118129,2022-10-21 11:05:17.701729,Hereafter,from_hereafter,goodboy_zax,1664431779
263,real,0.63964,2022-10-21 11:05:17.701729,Hereafter,from_hereafter,goodboy_zax,1664431779
264,mass_followers,0.203462,2022-10-21 11:05:17.701729,Hereafter,from_hereafter,goodboy_zax,1662975243
265,suspicious,0.038769,2022-10-21 11:05:17.701729,Hereafter,from_hereafter,goodboy_zax,1662975243
266,influencers,0.118129,2022-10-21 11:05:17.701729,Hereafter,from_hereafter,goodboy_zax,1662975243
267,real,0.63964,2022-10-21 11:05:17.701729,Hereafter,from_hereafter,goodboy_zax,1662975243
268,mass_followers,0.350805,2022-10-21 11:05:17.701729,Hereafter,from_hereafter,ashakosh,1662974826
269,suspicious,0.089692,2022-10-21 11:05:17.701729,Hereafter,from_hereafter,ashakosh,1662974826
270,influencers,0.266801,2022-10-21 11:05:17.701729,Hereafter,from_hereafter,ashakosh,1662974826
271,real,0.292702,2022-10-21 11:05:17.701729,Hereafter,from_hereafter,ashakosh,1662974826
272,mass_followers,0.350805,2022-10-21 11:05:17.701729,Hereafter,from_hereafter,ashakosh,1664431736
273,suspicious,0.089779,2022-10-21 11:05:17.701729,Hereafter,from_hereafter,ashakosh,1664431736
274,influencers,0.266713,2022-10-21 11:05:17.701729,Hereafter,from_hereafter,ashakosh,1664431736
275,real,0.292702,2022-10-21 11:05:17.701729,Hereafter,from_hereafter,ashakosh,1664431736
0,mass_followers,0.390411,2022-10-21 11:05:17.701729,Hereafter,from_hereafter,ashakosh,1662645578
1,suspicious,0.064212,2022-10-21 11:05:17.701729,Hereafter,from_hereafter,ashakosh,1662645578
2,influencers,0.272831,2022-10-21 11:05:17.701729,Hereafter,from_hereafter,ashakosh,1662645578
3,real,0.272546,2022-10-21 11:05:17.701729,Hereafter,from_hereafter,ashakosh,1662645578
