,code,name,weight,_OS_CREATED_AT,OS_MERCHANT,OS_HANDLE,INFLUENCER_HANDLE,CODE
0,asian,Asian,0.086907,2022-10-21 11:05:17.701729,Kozy Couch,kozycouch,chelseaericasmith,1662974911
1,white,White / Caucasian,0.564896,2022-10-21 11:05:17.701729,Kozy Couch,kozycouch,chelseaericasmith,1662974911
2,african_american,African American,0.086907,2022-10-21 11:05:17.701729,Kozy Couch,kozycouch,chelseaericasmith,1662974911
3,hispanic,Hispanic,0.26129,2022-10-21 11:05:17.701729,Kozy Couch,kozycouch,chelseaericasmith,1662974911
4,white,White / Caucasian,0.564896,2022-10-21 11:05:17.701729,Kozy Couch,kozycouch,chelseaericasmith,1664431477
5,hispanic,Hispanic,0.26129,2022-10-21 11:05:17.701729,Kozy Couch,kozycouch,chelseaericasmith,1664431477
6,asian,Asian,0.086907,2022-10-21 11:05:17.701729,Kozy Couch,kozycouch,chelseaericasmith,1664431477
7,african_american,African American,0.086907,2022-10-21 11:05:17.701729,Kozy Couch,kozycouch,chelseaericasmith,1664431477
8,african_american,African American,0.086907,2022-10-21 11:05:17.701729,Kozy Couch,kozycouch,chelseaericasmith,1662645609
9,hispanic,Hispanic,0.26129,2022-10-21 11:05:17.701729,Kozy Couch,kozycouch,chelseaericasmith,1662645609
10,white,White / Caucasian,0.564896,2022-10-21 11:05:17.701729,Kozy Couch,kozycouch,chelseaericasmith,1662645609
11,asian,Asian,0.086907,2022-10-21 11:05:17.701729,Kozy Couch,kozycouch,chelseaericasmith,1662645609
12,white,White / Caucasian,0.812146,2022-10-21 11:05:17.701729,Kozy Couch,kozycouch,kasey.moore_,1662975050
13,asian,Asian,0.113031,2022-10-21 11:05:17.701729,Kozy Couch,kozycouch,kasey.moore_,1662975050
14,african_american,African American,0.027211,2022-10-21 11:05:17.701729,Kozy Couch,kozycouch,kasey.moore_,1662975050
15,hispanic,Hispanic,0.047612,2022-10-21 11:05:17.701729,Kozy Couch,kozycouch,kasey.moore_,1662975050
16,african_american,African American,0.02745,2022-10-21 11:05:17.701729,Kozy Couch,kozycouch,kasey.moore_,1662646222
17,hispanic,Hispanic,0.047693,2022-10-21 11:05:17.701729,Kozy Couch,kozycouch,kasey.moore_,1662646222
18,white,White / Caucasian,0.810833,2022-10-21 11:05:17.701729,Kozy Couch,kozycouch,kasey.moore_,1662646222
19,asian,Asian,0.114023,2022-10-21 11:05:17.701729,Kozy Couch,kozycouch,kasey.moore_,1662646222
20,white,White / Caucasian,0.812027,2022-10-21 11:05:17.701729,Kozy Couch,kozycouch,kasey.moore_,1664431578
21,hispanic,Hispanic,0.047752,2022-10-21 11:05:17.701729,Kozy Couch,kozycouch,kasey.moore_,1664431578
22,asian,Asian,0.113014,2022-10-21 11:05:17.701729,Kozy Couch,kozycouch,kasey.moore_,1664431578
23,african_american,African American,0.027207,2022-10-21 11:05:17.701729,Kozy Couch,kozycouch,kasey.moore_,1664431578
24,african_american,African American,0.683101,2022-10-21 11:05:17.701729,Kozy Couch,kozycouch,lovemilanmarie,1664431423
25,white,White / Caucasian,0.166032,2022-10-21 11:05:17.701729,Kozy Couch,kozycouch,lovemilanmarie,1664431423
26,asian,Asian,0.11385,2022-10-21 11:05:17.701729,Kozy Couch,kozycouch,lovemilanmarie,1664431423
27,hispanic,Hispanic,0.037017,2022-10-21 11:05:17.701729,Kozy Couch,kozycouch,lovemilanmarie,1664431423
28,asian,Asian,0.11385,2022-10-21 11:05:17.701729,Kozy Couch,kozycouch,lovemilanmarie,1662974932
29,white,White / Caucasian,0.166032,2022-10-21 11:05:17.701729,Kozy Couch,kozycouch,lovemilanmarie,1662974932
30,african_american,African American,0.683101,2022-10-21 11:05:17.701729,Kozy Couch,kozycouch,lovemilanmarie,1662974932
31,hispanic,Hispanic,0.037017,2022-10-21 11:05:17.701729,Kozy Couch,kozycouch,lovemilanmarie,1662974932
32,white,White / Caucasian,0.166032,2022-10-21 11:05:17.701729,Kozy Couch,kozycouch,lovemilanmarie,1662646464
33,african_american,African American,0.683101,2022-10-21 11:05:17.701729,Kozy Couch,kozycouch,lovemilanmarie,1662646464
34,hispanic,Hispanic,0.037017,2022-10-21 11:05:17.701729,Kozy Couch,kozycouch,lovemilanmarie,1662646464
35,asian,Asian,0.11385,2022-10-21 11:05:17.701729,Kozy Couch,kozycouch,lovemilanmarie,1662646464
36,asian,Asian,0.084866,2022-10-21 11:05:17.701729,Kozy Couch,kozycouch,Tara.dye,1663087018
37,african_american,African American,0.0,2022-10-21 11:05:17.701729,Kozy Couch,kozycouch,Tara.dye,1663087018
38,white,White / Caucasian,0.848656,2022-10-21 11:05:17.701729,Kozy Couch,kozycouch,Tara.dye,1663087018
39,hispanic,Hispanic,0.066478,2022-10-21 11:05:17.701729,Kozy Couch,kozycouch,Tara.dye,1663087018
40,african_american,African American,0.0,2022-10-21 11:05:17.701729,Kozy Couch,kozycouch,Tara.dye,1664431484
41,white,White / Caucasian,0.850981,2022-10-21 11:05:17.701729,Kozy Couch,kozycouch,Tara.dye,1664431484
42,asian,Asian,0.085098,2022-10-21 11:05:17.701729,Kozy Couch,kozycouch,Tara.dye,1664431484
43,hispanic,Hispanic,0.06392,2022-10-21 11:05:17.701729,Kozy Couch,kozycouch,Tara.dye,1664431484
44,white,White / Caucasian,0.851792,2022-10-21 11:05:17.701729,Kozy Couch,kozycouch,its.sage.thyme,1664431468
45,hispanic,Hispanic,0.067085,2022-10-21 11:05:17.701729,Kozy Couch,kozycouch,its.sage.thyme,1664431468
46,asian,Asian,0.040562,2022-10-21 11:05:17.701729,Kozy Couch,kozycouch,its.sage.thyme,1664431468
47,african_american,African American,0.040562,2022-10-21 11:05:17.701729,Kozy Couch,kozycouch,its.sage.thyme,1664431468
48,asian,Asian,0.040577,2022-10-21 11:05:17.701729,Kozy Couch,kozycouch,its.sage.thyme,1662974796
49,white,White / Caucasian,0.852126,2022-10-21 11:05:17.701729,Kozy Couch,kozycouch,its.sage.thyme,1662974796
50,african_american,African American,0.040577,2022-10-21 11:05:17.701729,Kozy Couch,kozycouch,its.sage.thyme,1662974796
51,hispanic,Hispanic,0.066719,2022-10-21 11:05:17.701729,Kozy Couch,kozycouch,its.sage.thyme,1662974796
52,white,White / Caucasian,0.852126,2022-10-21 11:05:17.701729,Kozy Couch,kozycouch,its.sage.thyme,1662645368
53,hispanic,Hispanic,0.066719,2022-10-21 11:05:17.701729,Kozy Couch,kozycouch,its.sage.thyme,1662645368
54,asian,Asian,0.040577,2022-10-21 11:05:17.701729,Kozy Couch,kozycouch,its.sage.thyme,1662645368
55,african_american,African American,0.040577,2022-10-21 11:05:17.701729,Kozy Couch,kozycouch,its.sage.thyme,1662645368
56,white,White / Caucasian,0.254386,2022-10-21 11:05:17.701729,Kozy Couch,kozycouch,Shawnteltheprototype,1663087087
57,hispanic,Hispanic,0.077466,2022-10-21 11:05:17.701729,Kozy Couch,kozycouch,Shawnteltheprototype,1663087087
58,asian,Asian,0.042909,2022-10-21 11:05:17.701729,Kozy Couch,kozycouch,Shawnteltheprototype,1663087087
59,african_american,African American,0.625239,2022-10-21 11:05:17.701729,Kozy Couch,kozycouch,Shawnteltheprototype,1663087087
60,african_american,African American,0.625239,2022-10-21 11:05:17.701729,Kozy Couch,kozycouch,Shawnteltheprototype,1664431999
61,asian,Asian,0.042909,2022-10-21 11:05:17.701729,Kozy Couch,kozycouch,Shawnteltheprototype,1664431999
62,hispanic,Hispanic,0.077466,2022-10-21 11:05:17.701729,Kozy Couch,kozycouch,Shawnteltheprototype,1664431999
63,white,White / Caucasian,0.254386,2022-10-21 11:05:17.701729,Kozy Couch,kozycouch,Shawnteltheprototype,1664431999
64,african_american,African American,0.030599,2022-10-21 11:05:17.701729,Kozy Couch,kozycouch,bria.snyder,1664431625
65,white,White / Caucasian,0.757334,2022-10-21 11:05:17.701729,Kozy Couch,kozycouch,bria.snyder,1664431625
66,asian,Asian,0.117298,2022-10-21 11:05:17.701729,Kozy Couch,kozycouch,bria.snyder,1664431625
67,hispanic,Hispanic,0.094769,2022-10-21 11:05:17.701729,Kozy Couch,kozycouch,bria.snyder,1664431625
68,white,White / Caucasian,0.757387,2022-10-21 11:05:17.701729,Kozy Couch,kozycouch,bria.snyder,1662646169
69,african_american,African American,0.030601,2022-10-21 11:05:17.701729,Kozy Couch,kozycouch,bria.snyder,1662646169
70,hispanic,Hispanic,0.094706,2022-10-21 11:05:17.701729,Kozy Couch,kozycouch,bria.snyder,1662646169
71,asian,Asian,0.117306,2022-10-21 11:05:17.701729,Kozy Couch,kozycouch,bria.snyder,1662646169
0,white,White / Caucasian,0.757466,2022-10-21 11:05:17.701729,Kozy Couch,kozycouch,bria.snyder,1662974858
1,asian,Asian,0.117318,2022-10-21 11:05:17.701729,Kozy Couch,kozycouch,bria.snyder,1662974858
2,african_american,African American,0.030605,2022-10-21 11:05:17.701729,Kozy Couch,kozycouch,bria.snyder,1662974858
3,hispanic,Hispanic,0.094611,2022-10-21 11:05:17.701729,Kozy Couch,kozycouch,bria.snyder,1662974858
0,african_american,African American,0.76758,2022-10-21 11:05:17.701729,Epiphanie,epiphanie.co,alyssashenaye,1662646335
1,white,White / Caucasian,0.139124,2022-10-21 11:05:17.701729,Epiphanie,epiphanie.co,alyssashenaye,1662646335
2,asian,Asian,0.057568,2022-10-21 11:05:17.701729,Epiphanie,epiphanie.co,alyssashenaye,1662646335
3,hispanic,Hispanic,0.035728,2022-10-21 11:05:17.701729,Epiphanie,epiphanie.co,alyssashenaye,1662646335
4,asian,Asian,0.057568,2022-10-21 11:05:17.701729,Epiphanie,epiphanie.co,alyssashenaye,1662975205
5,african_american,African American,0.76758,2022-10-21 11:05:17.701729,Epiphanie,epiphanie.co,alyssashenaye,1662975205
6,white,White / Caucasian,0.139124,2022-10-21 11:05:17.701729,Epiphanie,epiphanie.co,alyssashenaye,1662975205
7,hispanic,Hispanic,0.035728,2022-10-21 11:05:17.701729,Epiphanie,epiphanie.co,alyssashenaye,1662975205
8,asian,Asian,0.057568,2022-10-21 11:05:17.701729,Epiphanie,epiphanie.co,alyssashenaye,1664431698
9,african_american,African American,0.76758,2022-10-21 11:05:17.701729,Epiphanie,epiphanie.co,alyssashenaye,1664431698
10,white,White / Caucasian,0.139124,2022-10-21 11:05:17.701729,Epiphanie,epiphanie.co,alyssashenaye,1664431698
11,hispanic,Hispanic,0.035728,2022-10-21 11:05:17.701729,Epiphanie,epiphanie.co,alyssashenaye,1664431698
12,white,White / Caucasian,0.785784,2022-10-21 11:05:17.701729,Epiphanie,epiphanie.co,athomewithastra,1662645713
13,african_american,African American,0.052386,2022-10-21 11:05:17.701729,Epiphanie,epiphanie.co,athomewithastra,1662645713
14,hispanic,Hispanic,0.097803,2022-10-21 11:05:17.701729,Epiphanie,epiphanie.co,athomewithastra,1662645713
15,asian,Asian,0.064027,2022-10-21 11:05:17.701729,Epiphanie,epiphanie.co,athomewithastra,1662645713
16,asian,Asian,0.038285,2022-10-21 11:05:17.701729,Epiphanie,epiphanie.co,soydonn,1662974744
17,white,White / Caucasian,0.133999,2022-10-21 11:05:17.701729,Epiphanie,epiphanie.co,soydonn,1662974744
18,african_american,African American,0.004786,2022-10-21 11:05:17.701729,Epiphanie,epiphanie.co,soydonn,1662974744
19,hispanic,Hispanic,0.82293,2022-10-21 11:05:17.701729,Epiphanie,epiphanie.co,soydonn,1662974744
20,african_american,African American,0.004786,2022-10-21 11:05:17.701729,Epiphanie,epiphanie.co,soydonn,1664431603
21,asian,Asian,0.038285,2022-10-21 11:05:17.701729,Epiphanie,epiphanie.co,soydonn,1664431603
22,hispanic,Hispanic,0.82293,2022-10-21 11:05:17.701729,Epiphanie,epiphanie.co,soydonn,1664431603
23,white,White / Caucasian,0.133999,2022-10-21 11:05:17.701729,Epiphanie,epiphanie.co,soydonn,1664431603
24,african_american,African American,0.004799,2022-10-21 11:05:17.701729,Epiphanie,epiphanie.co,soydonn,1662645690
25,white,White / Caucasian,0.134359,2022-10-21 11:05:17.701729,Epiphanie,epiphanie.co,soydonn,1662645690
26,asian,Asian,0.038388,2022-10-21 11:05:17.701729,Epiphanie,epiphanie.co,soydonn,1662645690
27,hispanic,Hispanic,0.822454,2022-10-21 11:05:17.701729,Epiphanie,epiphanie.co,soydonn,1662645690
28,asian,Asian,0.068898,2022-10-21 11:05:17.701729,Epiphanie,epiphanie.co,falonbrianne,1662974742
29,african_american,African American,0.022966,2022-10-21 11:05:17.701729,Epiphanie,epiphanie.co,falonbrianne,1662974742
30,white,White / Caucasian,0.815288,2022-10-21 11:05:17.701729,Epiphanie,epiphanie.co,falonbrianne,1662974742
31,hispanic,Hispanic,0.092848,2022-10-21 11:05:17.701729,Epiphanie,epiphanie.co,falonbrianne,1662974742
32,african_american,African American,0.026635,2022-10-21 11:05:17.701729,Epiphanie,epiphanie.co,falonbrianne,1664432130
33,white,White / Caucasian,0.812372,2022-10-21 11:05:17.701729,Epiphanie,epiphanie.co,falonbrianne,1664432130
34,asian,Asian,0.071027,2022-10-21 11:05:17.701729,Epiphanie,epiphanie.co,falonbrianne,1664432130
35,hispanic,Hispanic,0.089965,2022-10-21 11:05:17.701729,Epiphanie,epiphanie.co,falonbrianne,1664432130
36,african_american,African American,0.022966,2022-10-21 11:05:17.701729,Epiphanie,epiphanie.co,falonbrianne,1662645717
37,white,White / Caucasian,0.815288,2022-10-21 11:05:17.701729,Epiphanie,epiphanie.co,falonbrianne,1662645717
38,asian,Asian,0.068898,2022-10-21 11:05:17.701729,Epiphanie,epiphanie.co,falonbrianne,1662645717
39,hispanic,Hispanic,0.092848,2022-10-21 11:05:17.701729,Epiphanie,epiphanie.co,falonbrianne,1662645717
40,african_american,African American,0.02989,2022-10-21 11:05:17.701729,Epiphanie,epiphanie.co,e.stis,1662645707
41,hispanic,Hispanic,0.057097,2022-10-21 11:05:17.701729,Epiphanie,epiphanie.co,e.stis,1662645707
42,white,White / Caucasian,0.817907,2022-10-21 11:05:17.701729,Epiphanie,epiphanie.co,e.stis,1662645707
43,asian,Asian,0.095105,2022-10-21 11:05:17.701729,Epiphanie,epiphanie.co,e.stis,1662645707
44,african_american,African American,0.029887,2022-10-21 11:05:17.701729,Epiphanie,epiphanie.co,e.stis,1664431610
45,white,White / Caucasian,0.817808,2022-10-21 11:05:17.701729,Epiphanie,epiphanie.co,e.stis,1664431610
46,asian,Asian,0.095094,2022-10-21 11:05:17.701729,Epiphanie,epiphanie.co,e.stis,1664431610
47,hispanic,Hispanic,0.057212,2022-10-21 11:05:17.701729,Epiphanie,epiphanie.co,e.stis,1664431610
0,asian,Asian,0.095093,2022-10-21 11:05:17.701729,Epiphanie,epiphanie.co,e.stis,1662975110
1,white,White / Caucasian,0.817802,2022-10-21 11:05:17.701729,Epiphanie,epiphanie.co,e.stis,1662975110
2,african_american,African American,0.029886,2022-10-21 11:05:17.701729,Epiphanie,epiphanie.co,e.stis,1662975110
3,hispanic,Hispanic,0.057218,2022-10-21 11:05:17.701729,Epiphanie,epiphanie.co,e.stis,1662975110
0,white,White / Caucasian,0.656086,2022-10-21 11:05:17.701729,Jack Archer,jack.archer,joey.gentile,1664431509
1,hispanic,Hispanic,0.173273,2022-10-21 11:05:17.701729,Jack Archer,jack.archer,joey.gentile,1664431509
2,asian,Asian,0.110328,2022-10-21 11:05:17.701729,Jack Archer,jack.archer,joey.gentile,1664431509
3,african_american,African American,0.060313,2022-10-21 11:05:17.701729,Jack Archer,jack.archer,joey.gentile,1664431509
4,white,White / Caucasian,0.656086,2022-10-21 11:05:17.701729,Jack Archer,jack.archer,joey.gentile,1662645357
5,hispanic,Hispanic,0.173273,2022-10-21 11:05:17.701729,Jack Archer,jack.archer,joey.gentile,1662645357
6,asian,Asian,0.110328,2022-10-21 11:05:17.701729,Jack Archer,jack.archer,joey.gentile,1662645357
7,african_american,African American,0.060313,2022-10-21 11:05:17.701729,Jack Archer,jack.archer,joey.gentile,1662645357
8,asian,Asian,0.110328,2022-10-21 11:05:17.701729,Jack Archer,jack.archer,joey.gentile,1662974848
9,african_american,African American,0.060313,2022-10-21 11:05:17.701729,Jack Archer,jack.archer,joey.gentile,1662974848
10,white,White / Caucasian,0.656086,2022-10-21 11:05:17.701729,Jack Archer,jack.archer,joey.gentile,1662974848
11,hispanic,Hispanic,0.173273,2022-10-21 11:05:17.701729,Jack Archer,jack.archer,joey.gentile,1662974848
12,white,White / Caucasian,0.719708,2022-10-21 11:05:17.701729,Jack Archer,jack.archer,berzinsky,1662645504
13,hispanic,Hispanic,0.10906,2022-10-21 11:05:17.701729,Jack Archer,jack.archer,berzinsky,1662645504
14,asian,Asian,0.101669,2022-10-21 11:05:17.701729,Jack Archer,jack.archer,berzinsky,1662645504
15,african_american,African American,0.069563,2022-10-21 11:05:17.701729,Jack Archer,jack.archer,berzinsky,1662645504
16,white,White / Caucasian,0.719491,2022-10-21 11:05:17.701729,Jack Archer,jack.archer,berzinsky,1662974731
17,asian,Asian,0.101638,2022-10-21 11:05:17.701729,Jack Archer,jack.archer,berzinsky,1662974731
18,african_american,African American,0.069542,2022-10-21 11:05:17.701729,Jack Archer,jack.archer,berzinsky,1662974731
19,hispanic,Hispanic,0.109328,2022-10-21 11:05:17.701729,Jack Archer,jack.archer,berzinsky,1662974731
20,african_american,African American,0.069553,2022-10-21 11:05:17.701729,Jack Archer,jack.archer,berzinsky,1664431893
21,white,White / Caucasian,0.719606,2022-10-21 11:05:17.701729,Jack Archer,jack.archer,berzinsky,1664431893
22,asian,Asian,0.101654,2022-10-21 11:05:17.701729,Jack Archer,jack.archer,berzinsky,1664431893
23,hispanic,Hispanic,0.109186,2022-10-21 11:05:17.701729,Jack Archer,jack.archer,berzinsky,1664431893
24,african_american,African American,0.080127,2022-10-21 11:05:17.701729,Jack Archer,jack.archer,theregoesjonathan,1664431507
25,asian,Asian,0.32051,2022-10-21 11:05:17.701729,Jack Archer,jack.archer,theregoesjonathan,1664431507
26,hispanic,Hispanic,0.078534,2022-10-21 11:05:17.701729,Jack Archer,jack.archer,theregoesjonathan,1664431507
27,white,White / Caucasian,0.520829,2022-10-21 11:05:17.701729,Jack Archer,jack.archer,theregoesjonathan,1664431507
28,white,White / Caucasian,0.520829,2022-10-21 11:05:17.701729,Jack Archer,jack.archer,theregoesjonathan,1662645374
29,hispanic,Hispanic,0.078534,2022-10-21 11:05:17.701729,Jack Archer,jack.archer,theregoesjonathan,1662645374
30,asian,Asian,0.32051,2022-10-21 11:05:17.701729,Jack Archer,jack.archer,theregoesjonathan,1662645374
31,african_american,African American,0.080127,2022-10-21 11:05:17.701729,Jack Archer,jack.archer,theregoesjonathan,1662645374
32,white,White / Caucasian,0.520829,2022-10-21 11:05:17.701729,Jack Archer,jack.archer,theregoesjonathan,1662975131
33,asian,Asian,0.32051,2022-10-21 11:05:17.701729,Jack Archer,jack.archer,theregoesjonathan,1662975131
34,african_american,African American,0.080127,2022-10-21 11:05:17.701729,Jack Archer,jack.archer,theregoesjonathan,1662975131
35,hispanic,Hispanic,0.078534,2022-10-21 11:05:17.701729,Jack Archer,jack.archer,theregoesjonathan,1662975131
36,african_american,African American,0.171813,2022-10-21 11:05:17.701729,Jack Archer,jack.archer,tylraustin,1662645344
37,white,White / Caucasian,0.657694,2022-10-21 11:05:17.701729,Jack Archer,jack.archer,tylraustin,1662645344
38,asian,Asian,0.088678,2022-10-21 11:05:17.701729,Jack Archer,jack.archer,tylraustin,1662645344
39,hispanic,Hispanic,0.081815,2022-10-21 11:05:17.701729,Jack Archer,jack.archer,tylraustin,1662645344
40,asian,Asian,0.08868,2022-10-21 11:05:17.701729,Jack Archer,jack.archer,tylraustin,1662974898
41,white,White / Caucasian,0.657708,2022-10-21 11:05:17.701729,Jack Archer,jack.archer,tylraustin,1662974898
42,african_american,African American,0.171817,2022-10-21 11:05:17.701729,Jack Archer,jack.archer,tylraustin,1662974898
43,hispanic,Hispanic,0.081795,2022-10-21 11:05:17.701729,Jack Archer,jack.archer,tylraustin,1662974898
44,white,White / Caucasian,0.657621,2022-10-21 11:05:17.701729,Jack Archer,jack.archer,tylraustin,1664431656
45,hispanic,Hispanic,0.081917,2022-10-21 11:05:17.701729,Jack Archer,jack.archer,tylraustin,1664431656
46,asian,Asian,0.088668,2022-10-21 11:05:17.701729,Jack Archer,jack.archer,tylraustin,1664431656
47,african_american,African American,0.171794,2022-10-21 11:05:17.701729,Jack Archer,jack.archer,tylraustin,1664431656
48,asian,Asian,0.112571,2022-10-21 11:05:17.701729,Jack Archer,jack.archer,pool_jet,1664431890
49,african_american,African American,0.112571,2022-10-21 11:05:17.701729,Jack Archer,jack.archer,pool_jet,1664431890
50,white,White / Caucasian,0.712948,2022-10-21 11:05:17.701729,Jack Archer,jack.archer,pool_jet,1664431890
51,hispanic,Hispanic,0.061911,2022-10-21 11:05:17.701729,Jack Archer,jack.archer,pool_jet,1664431890
52,african_american,African American,0.112571,2022-10-21 11:05:17.701729,Jack Archer,jack.archer,pool_jet,1662646041
53,white,White / Caucasian,0.712948,2022-10-21 11:05:17.701729,Jack Archer,jack.archer,pool_jet,1662646041
54,asian,Asian,0.112571,2022-10-21 11:05:17.701729,Jack Archer,jack.archer,pool_jet,1662646041
55,hispanic,Hispanic,0.061911,2022-10-21 11:05:17.701729,Jack Archer,jack.archer,pool_jet,1662646041
0,asian,Asian,0.112571,2022-10-21 11:05:17.701729,Jack Archer,jack.archer,pool_jet,1662974737
1,african_american,African American,0.112571,2022-10-21 11:05:17.701729,Jack Archer,jack.archer,pool_jet,1662974737
2,white,White / Caucasian,0.712948,2022-10-21 11:05:17.701729,Jack Archer,jack.archer,pool_jet,1662974737
3,hispanic,Hispanic,0.061911,2022-10-21 11:05:17.701729,Jack Archer,jack.archer,pool_jet,1662974737
0,white,White / Caucasian,0.7924,2022-10-21 11:05:17.701729,Ecletticos,ecletticos,happilyheatherj,1662645754
1,african_american,African American,0.030923,2022-10-21 11:05:17.701729,Ecletticos,ecletticos,happilyheatherj,1662645754
2,hispanic,Hispanic,0.056851,2022-10-21 11:05:17.701729,Ecletticos,ecletticos,happilyheatherj,1662645754
3,asian,Asian,0.119826,2022-10-21 11:05:17.701729,Ecletticos,ecletticos,happilyheatherj,1662645754
4,asian,Asian,0.119783,2022-10-21 11:05:17.701729,Ecletticos,ecletticos,happilyheatherj,1662974781
5,white,White / Caucasian,0.792115,2022-10-21 11:05:17.701729,Ecletticos,ecletticos,happilyheatherj,1662974781
6,african_american,African American,0.030912,2022-10-21 11:05:17.701729,Ecletticos,ecletticos,happilyheatherj,1662974781
7,hispanic,Hispanic,0.05719,2022-10-21 11:05:17.701729,Ecletticos,ecletticos,happilyheatherj,1662974781
8,african_american,African American,0.030901,2022-10-21 11:05:17.701729,Ecletticos,ecletticos,happilyheatherj,1664431617
9,asian,Asian,0.119743,2022-10-21 11:05:17.701729,Ecletticos,ecletticos,happilyheatherj,1664431617
10,hispanic,Hispanic,0.057504,2022-10-21 11:05:17.701729,Ecletticos,ecletticos,happilyheatherj,1664431617
11,white,White / Caucasian,0.791851,2022-10-21 11:05:17.701729,Ecletticos,ecletticos,happilyheatherj,1664431617
12,african_american,African American,0.032767,2022-10-21 11:05:17.701729,Ecletticos,ecletticos,the_vintage_bombshell,1662645610
13,white,White / Caucasian,0.801699,2022-10-21 11:05:17.701729,Ecletticos,ecletticos,the_vintage_bombshell,1662645610
14,asian,Asian,0.104854,2022-10-21 11:05:17.701729,Ecletticos,ecletticos,the_vintage_bombshell,1662645610
15,hispanic,Hispanic,0.06068,2022-10-21 11:05:17.701729,Ecletticos,ecletticos,the_vintage_bombshell,1662645610
16,asian,Asian,0.104836,2022-10-21 11:05:17.701729,Ecletticos,ecletticos,the_vintage_bombshell,1662975339
17,african_american,African American,0.032761,2022-10-21 11:05:17.701729,Ecletticos,ecletticos,the_vintage_bombshell,1662975339
18,white,White / Caucasian,0.80156,2022-10-21 11:05:17.701729,Ecletticos,ecletticos,the_vintage_bombshell,1662975339
19,hispanic,Hispanic,0.060842,2022-10-21 11:05:17.701729,Ecletticos,ecletticos,the_vintage_bombshell,1662975339
20,white,White / Caucasian,0.80169,2022-10-21 11:05:17.701729,Ecletticos,ecletticos,the_vintage_bombshell,1664431640
21,hispanic,Hispanic,0.06069,2022-10-21 11:05:17.701729,Ecletticos,ecletticos,the_vintage_bombshell,1664431640
22,asian,Asian,0.104853,2022-10-21 11:05:17.701729,Ecletticos,ecletticos,the_vintage_bombshell,1664431640
23,african_american,African American,0.032767,2022-10-21 11:05:17.701729,Ecletticos,ecletticos,the_vintage_bombshell,1664431640
24,asian,Asian,0.122521,2022-10-21 11:05:17.701729,Ecletticos,ecletticos,sonabonds,1662975145
25,african_american,African American,0.100244,2022-10-21 11:05:17.701729,Ecletticos,ecletticos,sonabonds,1662975145
26,white,White / Caucasian,0.71285,2022-10-21 11:05:17.701729,Ecletticos,ecletticos,sonabonds,1662975145
27,hispanic,Hispanic,0.064385,2022-10-21 11:05:17.701729,Ecletticos,ecletticos,sonabonds,1662975145
28,white,White / Caucasian,0.71287,2022-10-21 11:05:17.701729,Ecletticos,ecletticos,sonabonds,1662645528
29,hispanic,Hispanic,0.064358,2022-10-21 11:05:17.701729,Ecletticos,ecletticos,sonabonds,1662645528
30,asian,Asian,0.122524,2022-10-21 11:05:17.701729,Ecletticos,ecletticos,sonabonds,1662645528
31,african_american,African American,0.100247,2022-10-21 11:05:17.701729,Ecletticos,ecletticos,sonabonds,1662645528
32,african_american,African American,0.100247,2022-10-21 11:05:17.701729,Ecletticos,ecletticos,sonabonds,1664431621
33,white,White / Caucasian,0.71287,2022-10-21 11:05:17.701729,Ecletticos,ecletticos,sonabonds,1664431621
34,asian,Asian,0.122524,2022-10-21 11:05:17.701729,Ecletticos,ecletticos,sonabonds,1664431621
35,hispanic,Hispanic,0.064358,2022-10-21 11:05:17.701729,Ecletticos,ecletticos,sonabonds,1664431621
36,white,White / Caucasian,0.520829,2022-10-21 11:05:17.701729,Ecletticos,ecletticos,theregoesjonathan,1662645345
37,hispanic,Hispanic,0.078534,2022-10-21 11:05:17.701729,Ecletticos,ecletticos,theregoesjonathan,1662645345
38,asian,Asian,0.32051,2022-10-21 11:05:17.701729,Ecletticos,ecletticos,theregoesjonathan,1662645345
39,african_american,African American,0.080127,2022-10-21 11:05:17.701729,Ecletticos,ecletticos,theregoesjonathan,1662645345
40,african_american,African American,0.080127,2022-10-21 11:05:17.701729,Ecletticos,ecletticos,theregoesjonathan,1664431623
41,white,White / Caucasian,0.520829,2022-10-21 11:05:17.701729,Ecletticos,ecletticos,theregoesjonathan,1664431623
42,asian,Asian,0.32051,2022-10-21 11:05:17.701729,Ecletticos,ecletticos,theregoesjonathan,1664431623
43,hispanic,Hispanic,0.078534,2022-10-21 11:05:17.701729,Ecletticos,ecletticos,theregoesjonathan,1664431623
44,asian,Asian,0.32051,2022-10-21 11:05:17.701729,Ecletticos,ecletticos,theregoesjonathan,1662975121
45,african_american,African American,0.080127,2022-10-21 11:05:17.701729,Ecletticos,ecletticos,theregoesjonathan,1662975121
46,white,White / Caucasian,0.520829,2022-10-21 11:05:17.701729,Ecletticos,ecletticos,theregoesjonathan,1662975121
47,hispanic,Hispanic,0.078534,2022-10-21 11:05:17.701729,Ecletticos,ecletticos,theregoesjonathan,1662975121
48,asian,Asian,0.155784,2022-10-21 11:05:17.701729,Ecletticos,ecletticos,mizzerybell,1664431845
49,african_american,African American,0.155784,2022-10-21 11:05:17.701729,Ecletticos,ecletticos,mizzerybell,1664431845
50,white,White / Caucasian,0.595645,2022-10-21 11:05:17.701729,Ecletticos,ecletticos,mizzerybell,1664431845
51,hispanic,Hispanic,0.092787,2022-10-21 11:05:17.701729,Ecletticos,ecletticos,mizzerybell,1664431845
52,white,White / Caucasian,0.595645,2022-10-21 11:05:17.701729,Ecletticos,ecletticos,mizzerybell,1662645791
53,hispanic,Hispanic,0.092787,2022-10-21 11:05:17.701729,Ecletticos,ecletticos,mizzerybell,1662645791
54,asian,Asian,0.155784,2022-10-21 11:05:17.701729,Ecletticos,ecletticos,mizzerybell,1662645791
55,african_american,African American,0.155784,2022-10-21 11:05:17.701729,Ecletticos,ecletticos,mizzerybell,1662645791
56,asian,Asian,0.155784,2022-10-21 11:05:17.701729,Ecletticos,ecletticos,mizzerybell,1662974792
57,white,White / Caucasian,0.595645,2022-10-21 11:05:17.701729,Ecletticos,ecletticos,mizzerybell,1662974792
58,african_american,African American,0.155784,2022-10-21 11:05:17.701729,Ecletticos,ecletticos,mizzerybell,1662974792
59,hispanic,Hispanic,0.092787,2022-10-21 11:05:17.701729,Ecletticos,ecletticos,mizzerybell,1662974792
60,asian,Asian,0.162718,2022-10-21 11:05:17.701729,Ecletticos,ecletticos,lisettejyoga,1662974830
61,white,White / Caucasian,0.594547,2022-10-21 11:05:17.701729,Ecletticos,ecletticos,lisettejyoga,1662974830
62,african_american,African American,0.153331,2022-10-21 11:05:17.701729,Ecletticos,ecletticos,lisettejyoga,1662974830
63,hispanic,Hispanic,0.089404,2022-10-21 11:05:17.701729,Ecletticos,ecletticos,lisettejyoga,1662974830
64,asian,Asian,0.162742,2022-10-21 11:05:17.701729,Ecletticos,ecletticos,lisettejyoga,1664431613
65,african_american,African American,0.153353,2022-10-21 11:05:17.701729,Ecletticos,ecletticos,lisettejyoga,1664431613
66,white,White / Caucasian,0.594635,2022-10-21 11:05:17.701729,Ecletticos,ecletticos,lisettejyoga,1664431613
67,hispanic,Hispanic,0.08927,2022-10-21 11:05:17.701729,Ecletticos,ecletticos,lisettejyoga,1664431613
68,white,White / Caucasian,0.594538,2022-10-21 11:05:17.701729,Ecletticos,ecletticos,lisettejyoga,1662645669
69,african_american,African American,0.153328,2022-10-21 11:05:17.701729,Ecletticos,ecletticos,lisettejyoga,1662645669
70,hispanic,Hispanic,0.089418,2022-10-21 11:05:17.701729,Ecletticos,ecletticos,lisettejyoga,1662645669
71,asian,Asian,0.162716,2022-10-21 11:05:17.701729,Ecletticos,ecletticos,lisettejyoga,1662645669
72,asian,Asian,0.189535,2022-10-21 11:05:17.701729,Ecletticos,ecletticos,satisfylagoon,1664431864
73,african_american,African American,0.0,2022-10-21 11:05:17.701729,Ecletticos,ecletticos,satisfylagoon,1664431864
74,white,White / Caucasian,0.69496,2022-10-21 11:05:17.701729,Ecletticos,ecletticos,satisfylagoon,1664431864
75,hispanic,Hispanic,0.115506,2022-10-21 11:05:17.701729,Ecletticos,ecletticos,satisfylagoon,1664431864
76,white,White / Caucasian,0.69496,2022-10-21 11:05:17.701729,Ecletticos,ecletticos,satisfylagoon,1662974792
77,asian,Asian,0.189535,2022-10-21 11:05:17.701729,Ecletticos,ecletticos,satisfylagoon,1662974792
78,african_american,African American,0.0,2022-10-21 11:05:17.701729,Ecletticos,ecletticos,satisfylagoon,1662974792
79,hispanic,Hispanic,0.115506,2022-10-21 11:05:17.701729,Ecletticos,ecletticos,satisfylagoon,1662974792
80,white,White / Caucasian,0.69496,2022-10-21 11:05:17.701729,Ecletticos,ecletticos,satisfylagoon,1662645663
81,african_american,African American,0.0,2022-10-21 11:05:17.701729,Ecletticos,ecletticos,satisfylagoon,1662645663
82,hispanic,Hispanic,0.115506,2022-10-21 11:05:17.701729,Ecletticos,ecletticos,satisfylagoon,1662645663
83,asian,Asian,0.189535,2022-10-21 11:05:17.701729,Ecletticos,ecletticos,satisfylagoon,1662645663
84,asian,Asian,0.08272,2022-10-21 11:05:17.701729,Ecletticos,ecletticos,aryyzona,1662974735
85,white,White / Caucasian,0.601102,2022-10-21 11:05:17.701729,Ecletticos,ecletticos,aryyzona,1662974735
86,african_american,African American,0.055147,2022-10-21 11:05:17.701729,Ecletticos,ecletticos,aryyzona,1662974735
87,hispanic,Hispanic,0.261031,2022-10-21 11:05:17.701729,Ecletticos,ecletticos,aryyzona,1662974735
88,african_american,African American,0.06146,2022-10-21 11:05:17.701729,Ecletticos,ecletticos,aryyzona,1662645893
89,white,White / Caucasian,0.58623,2022-10-21 11:05:17.701729,Ecletticos,ecletticos,aryyzona,1662645893
90,asian,Asian,0.094553,2022-10-21 11:05:17.701729,Ecletticos,ecletticos,aryyzona,1662645893
91,hispanic,Hispanic,0.257757,2022-10-21 11:05:17.701729,Ecletticos,ecletticos,aryyzona,1662645893
92,asian,Asian,0.082765,2022-10-21 11:05:17.701729,Ecletticos,ecletticos,aryyzona,1664431616
93,african_american,African American,0.062074,2022-10-21 11:05:17.701729,Ecletticos,ecletticos,aryyzona,1664431616
94,white,White / Caucasian,0.594875,2022-10-21 11:05:17.701729,Ecletticos,ecletticos,aryyzona,1664431616
95,hispanic,Hispanic,0.260286,2022-10-21 11:05:17.701729,Ecletticos,ecletticos,aryyzona,1664431616
96,asian,Asian,0.044166,2022-10-21 11:05:17.701729,Ecletticos,ecletticos,avaireland729,1662974791
97,white,White / Caucasian,0.673534,2022-10-21 11:05:17.701729,Ecletticos,ecletticos,avaireland729,1662974791
98,african_american,African American,0.033125,2022-10-21 11:05:17.701729,Ecletticos,ecletticos,avaireland729,1662974791
99,hispanic,Hispanic,0.249175,2022-10-21 11:05:17.701729,Ecletticos,ecletticos,avaireland729,1662974791
100,asian,Asian,0.044166,2022-10-21 11:05:17.701729,Ecletticos,ecletticos,avaireland729,1664431764
101,african_american,African American,0.033125,2022-10-21 11:05:17.701729,Ecletticos,ecletticos,avaireland729,1664431764
102,white,White / Caucasian,0.673534,2022-10-21 11:05:17.701729,Ecletticos,ecletticos,avaireland729,1664431764
103,hispanic,Hispanic,0.249175,2022-10-21 11:05:17.701729,Ecletticos,ecletticos,avaireland729,1664431764
0,white,White / Caucasian,0.673534,2022-10-21 11:05:17.701729,Ecletticos,ecletticos,avaireland729,1662645672
1,african_american,African American,0.033125,2022-10-21 11:05:17.701729,Ecletticos,ecletticos,avaireland729,1662645672
2,hispanic,Hispanic,0.249175,2022-10-21 11:05:17.701729,Ecletticos,ecletticos,avaireland729,1662645672
3,asian,Asian,0.044166,2022-10-21 11:05:17.701729,Ecletticos,ecletticos,avaireland729,1662645672
0,african_american,African American,0.061193,2022-10-21 11:05:17.701729,Necklow,necklowco,raisa.bullard,1662645430
1,hispanic,Hispanic,0.265679,2022-10-21 11:05:17.701729,Necklow,necklowco,raisa.bullard,1662645430
2,white,White / Caucasian,0.585709,2022-10-21 11:05:17.701729,Necklow,necklowco,raisa.bullard,1662645430
3,asian,Asian,0.087419,2022-10-21 11:05:17.701729,Necklow,necklowco,raisa.bullard,1662645430
4,asian,Asian,0.087419,2022-10-21 11:05:17.701729,Necklow,necklowco,raisa.bullard,1662975031
5,african_american,African American,0.061193,2022-10-21 11:05:17.701729,Necklow,necklowco,raisa.bullard,1662975031
6,white,White / Caucasian,0.585709,2022-10-21 11:05:17.701729,Necklow,necklowco,raisa.bullard,1662975031
7,hispanic,Hispanic,0.265679,2022-10-21 11:05:17.701729,Necklow,necklowco,raisa.bullard,1662975031
8,white,White / Caucasian,0.585846,2022-10-21 11:05:17.701729,Necklow,necklowco,raisa.bullard,1664432388
9,hispanic,Hispanic,0.265507,2022-10-21 11:05:17.701729,Necklow,necklowco,raisa.bullard,1664432388
10,asian,Asian,0.08744,2022-10-21 11:05:17.701729,Necklow,necklowco,raisa.bullard,1664432388
11,african_american,African American,0.061208,2022-10-21 11:05:17.701729,Necklow,necklowco,raisa.bullard,1664432388
12,asian,Asian,0.119783,2022-10-21 11:05:17.701729,Necklow,necklowco,happilyheatherj,1662974754
13,white,White / Caucasian,0.792115,2022-10-21 11:05:17.701729,Necklow,necklowco,happilyheatherj,1662974754
14,african_american,African American,0.030912,2022-10-21 11:05:17.701729,Necklow,necklowco,happilyheatherj,1662974754
15,hispanic,Hispanic,0.05719,2022-10-21 11:05:17.701729,Necklow,necklowco,happilyheatherj,1662974754
16,white,White / Caucasian,0.7924,2022-10-21 11:05:17.701729,Necklow,necklowco,happilyheatherj,1662646397
17,african_american,African American,0.030923,2022-10-21 11:05:17.701729,Necklow,necklowco,happilyheatherj,1662646397
18,hispanic,Hispanic,0.056851,2022-10-21 11:05:17.701729,Necklow,necklowco,happilyheatherj,1662646397
19,asian,Asian,0.119826,2022-10-21 11:05:17.701729,Necklow,necklowco,happilyheatherj,1662646397
20,african_american,African American,0.030901,2022-10-21 11:05:17.701729,Necklow,necklowco,happilyheatherj,1664431454
21,asian,Asian,0.119743,2022-10-21 11:05:17.701729,Necklow,necklowco,happilyheatherj,1664431454
22,hispanic,Hispanic,0.057504,2022-10-21 11:05:17.701729,Necklow,necklowco,happilyheatherj,1664431454
23,white,White / Caucasian,0.791851,2022-10-21 11:05:17.701729,Necklow,necklowco,happilyheatherj,1664431454
24,asian,Asian,0.201146,2022-10-21 11:05:17.701729,Necklow,necklowco,unlimitedleezy,1662974768
25,african_american,African American,0.155431,2022-10-21 11:05:17.701729,Necklow,necklowco,unlimitedleezy,1662974768
26,white,White / Caucasian,0.54858,2022-10-21 11:05:17.701729,Necklow,necklowco,unlimitedleezy,1662974768
27,hispanic,Hispanic,0.094842,2022-10-21 11:05:17.701729,Necklow,necklowco,unlimitedleezy,1662974768
28,african_american,African American,0.155428,2022-10-21 11:05:17.701729,Necklow,necklowco,unlimitedleezy,1664431815
29,white,White / Caucasian,0.548568,2022-10-21 11:05:17.701729,Necklow,necklowco,unlimitedleezy,1664431815
30,asian,Asian,0.201142,2022-10-21 11:05:17.701729,Necklow,necklowco,unlimitedleezy,1664431815
31,hispanic,Hispanic,0.094863,2022-10-21 11:05:17.701729,Necklow,necklowco,unlimitedleezy,1664431815
32,african_american,African American,0.155438,2022-10-21 11:05:17.701729,Necklow,necklowco,unlimitedleezy,1662645927
33,hispanic,Hispanic,0.094802,2022-10-21 11:05:17.701729,Necklow,necklowco,unlimitedleezy,1662645927
34,white,White / Caucasian,0.548605,2022-10-21 11:05:17.701729,Necklow,necklowco,unlimitedleezy,1662645927
35,asian,Asian,0.201155,2022-10-21 11:05:17.701729,Necklow,necklowco,unlimitedleezy,1662645927
36,white,White / Caucasian,0.71287,2022-10-21 11:05:17.701729,Necklow,necklowco,sonabonds,1664431668
37,hispanic,Hispanic,0.064358,2022-10-21 11:05:17.701729,Necklow,necklowco,sonabonds,1664431668
38,asian,Asian,0.122524,2022-10-21 11:05:17.701729,Necklow,necklowco,sonabonds,1664431668
39,african_american,African American,0.100247,2022-10-21 11:05:17.701729,Necklow,necklowco,sonabonds,1664431668
40,asian,Asian,0.122521,2022-10-21 11:05:17.701729,Necklow,necklowco,sonabonds,1662974763
41,african_american,African American,0.100244,2022-10-21 11:05:17.701729,Necklow,necklowco,sonabonds,1662974763
42,white,White / Caucasian,0.71285,2022-10-21 11:05:17.701729,Necklow,necklowco,sonabonds,1662974763
43,hispanic,Hispanic,0.064385,2022-10-21 11:05:17.701729,Necklow,necklowco,sonabonds,1662974763
44,african_american,African American,0.100247,2022-10-21 11:05:17.701729,Necklow,necklowco,sonabonds,1662646268
45,white,White / Caucasian,0.71287,2022-10-21 11:05:17.701729,Necklow,necklowco,sonabonds,1662646268
46,asian,Asian,0.122524,2022-10-21 11:05:17.701729,Necklow,necklowco,sonabonds,1662646268
47,hispanic,Hispanic,0.064358,2022-10-21 11:05:17.701729,Necklow,necklowco,sonabonds,1662646268
48,african_american,African American,0.0,2022-10-21 11:05:17.701729,Necklow,necklowco,patrianasonia,1662646339
49,white,White / Caucasian,0.876094,2022-10-21 11:05:17.701729,Necklow,necklowco,patrianasonia,1662646339
50,asian,Asian,0.101088,2022-10-21 11:05:17.701729,Necklow,necklowco,patrianasonia,1662646339
51,hispanic,Hispanic,0.022818,2022-10-21 11:05:17.701729,Necklow,necklowco,patrianasonia,1662646339
52,african_american,African American,0.0,2022-10-21 11:05:17.701729,Necklow,necklowco,patrianasonia,1664431880
53,asian,Asian,0.101116,2022-10-21 11:05:17.701729,Necklow,necklowco,patrianasonia,1664431880
54,hispanic,Hispanic,0.022546,2022-10-21 11:05:17.701729,Necklow,necklowco,patrianasonia,1664431880
55,white,White / Caucasian,0.876338,2022-10-21 11:05:17.701729,Necklow,necklowco,patrianasonia,1664431880
56,asian,Asian,0.101115,2022-10-21 11:05:17.701729,Necklow,necklowco,patrianasonia,1662974824
57,white,White / Caucasian,0.876332,2022-10-21 11:05:17.701729,Necklow,necklowco,patrianasonia,1662974824
58,african_american,African American,0.0,2022-10-21 11:05:17.701729,Necklow,necklowco,patrianasonia,1662974824
59,hispanic,Hispanic,0.022552,2022-10-21 11:05:17.701729,Necklow,necklowco,patrianasonia,1662974824
60,african_american,African American,0.05009,2022-10-21 11:05:17.701729,Necklow,necklowco,peedi_c,1662645841
61,hispanic,Hispanic,0.10748,2022-10-21 11:05:17.701729,Necklow,necklowco,peedi_c,1662645841
62,white,White / Caucasian,0.774124,2022-10-21 11:05:17.701729,Necklow,necklowco,peedi_c,1662645841
63,asian,Asian,0.068305,2022-10-21 11:05:17.701729,Necklow,necklowco,peedi_c,1662645841
64,african_american,African American,0.050106,2022-10-21 11:05:17.701729,Necklow,necklowco,peedi_c,1664431677
65,asian,Asian,0.068326,2022-10-21 11:05:17.701729,Necklow,necklowco,peedi_c,1664431677
66,hispanic,Hispanic,0.10721,2022-10-21 11:05:17.701729,Necklow,necklowco,peedi_c,1664431677
67,white,White / Caucasian,0.774358,2022-10-21 11:05:17.701729,Necklow,necklowco,peedi_c,1664431677
68,asian,Asian,0.068321,2022-10-21 11:05:17.701729,Necklow,necklowco,peedi_c,1662974792
69,white,White / Caucasian,0.774306,2022-10-21 11:05:17.701729,Necklow,necklowco,peedi_c,1662974792
70,african_american,African American,0.050102,2022-10-21 11:05:17.701729,Necklow,necklowco,peedi_c,1662974792
71,hispanic,Hispanic,0.107271,2022-10-21 11:05:17.701729,Necklow,necklowco,peedi_c,1662974792
72,african_american,African American,0.271418,2022-10-21 11:05:17.701729,Necklow,necklowco,imara.grant,1662645451
73,white,White / Caucasian,0.524742,2022-10-21 11:05:17.701729,Necklow,necklowco,imara.grant,1662645451
74,asian,Asian,0.117615,2022-10-21 11:05:17.701729,Necklow,necklowco,imara.grant,1662645451
75,hispanic,Hispanic,0.086225,2022-10-21 11:05:17.701729,Necklow,necklowco,imara.grant,1662645451
76,white,White / Caucasian,0.524742,2022-10-21 11:05:17.701729,Necklow,necklowco,imara.grant,1662974788
77,asian,Asian,0.117615,2022-10-21 11:05:17.701729,Necklow,necklowco,imara.grant,1662974788
78,african_american,African American,0.271418,2022-10-21 11:05:17.701729,Necklow,necklowco,imara.grant,1662974788
79,hispanic,Hispanic,0.086225,2022-10-21 11:05:17.701729,Necklow,necklowco,imara.grant,1662974788
80,african_american,African American,0.271548,2022-10-21 11:05:17.701729,Necklow,necklowco,imara.grant,1664431627
81,white,White / Caucasian,0.524992,2022-10-21 11:05:17.701729,Necklow,necklowco,imara.grant,1664431627
82,asian,Asian,0.117671,2022-10-21 11:05:17.701729,Necklow,necklowco,imara.grant,1664431627
83,hispanic,Hispanic,0.085789,2022-10-21 11:05:17.701729,Necklow,necklowco,imara.grant,1664431627
84,white,White / Caucasian,0.678716,2022-10-21 11:05:17.701729,Necklow,necklowco,lillyjbennett,1662645466
85,hispanic,Hispanic,0.135446,2022-10-21 11:05:17.701729,Necklow,necklowco,lillyjbennett,1662645466
86,asian,Asian,0.125239,2022-10-21 11:05:17.701729,Necklow,necklowco,lillyjbennett,1662645466
87,african_american,African American,0.0606,2022-10-21 11:05:17.701729,Necklow,necklowco,lillyjbennett,1662645466
88,african_american,African American,0.0606,2022-10-21 11:05:17.701729,Necklow,necklowco,lillyjbennett,1664431435
89,white,White / Caucasian,0.678716,2022-10-21 11:05:17.701729,Necklow,necklowco,lillyjbennett,1664431435
90,asian,Asian,0.125239,2022-10-21 11:05:17.701729,Necklow,necklowco,lillyjbennett,1664431435
91,hispanic,Hispanic,0.135446,2022-10-21 11:05:17.701729,Necklow,necklowco,lillyjbennett,1664431435
92,asian,Asian,0.125239,2022-10-21 11:05:17.701729,Necklow,necklowco,lillyjbennett,1662974786
93,african_american,African American,0.0606,2022-10-21 11:05:17.701729,Necklow,necklowco,lillyjbennett,1662974786
94,white,White / Caucasian,0.678716,2022-10-21 11:05:17.701729,Necklow,necklowco,lillyjbennett,1662974786
95,hispanic,Hispanic,0.135446,2022-10-21 11:05:17.701729,Necklow,necklowco,lillyjbennett,1662974786
96,asian,Asian,0.106741,2022-10-21 11:05:17.701729,Necklow,necklowco,stylishpharmacist,1662974755
97,white,White / Caucasian,0.716353,2022-10-21 11:05:17.701729,Necklow,necklowco,stylishpharmacist,1662974755
98,african_american,African American,0.106741,2022-10-21 11:05:17.701729,Necklow,necklowco,stylishpharmacist,1662974755
99,hispanic,Hispanic,0.070164,2022-10-21 11:05:17.701729,Necklow,necklowco,stylishpharmacist,1662974755
100,white,White / Caucasian,0.716075,2022-10-21 11:05:17.701729,Necklow,necklowco,stylishpharmacist,1664431506
101,hispanic,Hispanic,0.070526,2022-10-21 11:05:17.701729,Necklow,necklowco,stylishpharmacist,1664431506
102,asian,Asian,0.1067,2022-10-21 11:05:17.701729,Necklow,necklowco,stylishpharmacist,1664431506
103,african_american,African American,0.1067,2022-10-21 11:05:17.701729,Necklow,necklowco,stylishpharmacist,1664431506
104,african_american,African American,0.106724,2022-10-21 11:05:17.701729,Necklow,necklowco,stylishpharmacist,1662645931
105,white,White / Caucasian,0.716235,2022-10-21 11:05:17.701729,Necklow,necklowco,stylishpharmacist,1662645931
106,asian,Asian,0.106724,2022-10-21 11:05:17.701729,Necklow,necklowco,stylishpharmacist,1662645931
107,hispanic,Hispanic,0.070317,2022-10-21 11:05:17.701729,Necklow,necklowco,stylishpharmacist,1662645931
108,african_american,African American,0.033125,2022-10-21 11:05:17.701729,Necklow,necklowco,avaireland729,1664431668
109,white,White / Caucasian,0.673534,2022-10-21 11:05:17.701729,Necklow,necklowco,avaireland729,1664431668
110,asian,Asian,0.044166,2022-10-21 11:05:17.701729,Necklow,necklowco,avaireland729,1664431668
111,hispanic,Hispanic,0.249175,2022-10-21 11:05:17.701729,Necklow,necklowco,avaireland729,1664431668
112,african_american,African American,0.033125,2022-10-21 11:05:17.701729,Necklow,necklowco,avaireland729,1662645423
113,hispanic,Hispanic,0.249175,2022-10-21 11:05:17.701729,Necklow,necklowco,avaireland729,1662645423
114,white,White / Caucasian,0.673534,2022-10-21 11:05:17.701729,Necklow,necklowco,avaireland729,1662645423
115,asian,Asian,0.044166,2022-10-21 11:05:17.701729,Necklow,necklowco,avaireland729,1662645423
0,asian,Asian,0.044166,2022-10-21 11:05:17.701729,Necklow,necklowco,avaireland729,1662975091
1,white,White / Caucasian,0.673534,2022-10-21 11:05:17.701729,Necklow,necklowco,avaireland729,1662975091
2,african_american,African American,0.033125,2022-10-21 11:05:17.701729,Necklow,necklowco,avaireland729,1662975091
3,hispanic,Hispanic,0.249175,2022-10-21 11:05:17.701729,Necklow,necklowco,avaireland729,1662975091
0,asian,Asian,0.082322,2022-10-21 11:05:17.701729,Beauty Melanin,beauty_melanin_,christinadahlmusic,1664431704
1,african_american,African American,0.512223,2022-10-21 11:05:17.701729,Beauty Melanin,beauty_melanin_,christinadahlmusic,1664431704
2,white,White / Caucasian,0.295748,2022-10-21 11:05:17.701729,Beauty Melanin,beauty_melanin_,christinadahlmusic,1664431704
3,hispanic,Hispanic,0.109707,2022-10-21 11:05:17.701729,Beauty Melanin,beauty_melanin_,christinadahlmusic,1664431704
4,white,White / Caucasian,0.29579,2022-10-21 11:05:17.701729,Beauty Melanin,beauty_melanin_,christinadahlmusic,1662645855
5,african_american,African American,0.512297,2022-10-21 11:05:17.701729,Beauty Melanin,beauty_melanin_,christinadahlmusic,1662645855
6,hispanic,Hispanic,0.109579,2022-10-21 11:05:17.701729,Beauty Melanin,beauty_melanin_,christinadahlmusic,1662645855
7,asian,Asian,0.082333,2022-10-21 11:05:17.701729,Beauty Melanin,beauty_melanin_,christinadahlmusic,1662645855
8,asian,Asian,0.082335,2022-10-21 11:05:17.701729,Beauty Melanin,beauty_melanin_,christinadahlmusic,1662975306
9,african_american,African American,0.512306,2022-10-21 11:05:17.701729,Beauty Melanin,beauty_melanin_,christinadahlmusic,1662975306
10,white,White / Caucasian,0.295796,2022-10-21 11:05:17.701729,Beauty Melanin,beauty_melanin_,christinadahlmusic,1662975306
11,hispanic,Hispanic,0.109563,2022-10-21 11:05:17.701729,Beauty Melanin,beauty_melanin_,christinadahlmusic,1662975306
12,asian,Asian,0.145891,2022-10-21 11:05:17.701729,Beauty Melanin,beauty_melanin_,itsthedonjordan,1662975315
13,white,White / Caucasian,0.250099,2022-10-21 11:05:17.701729,Beauty Melanin,beauty_melanin_,itsthedonjordan,1662975315
14,african_american,African American,0.583564,2022-10-21 11:05:17.701729,Beauty Melanin,beauty_melanin_,itsthedonjordan,1662975315
15,hispanic,Hispanic,0.020447,2022-10-21 11:05:17.701729,Beauty Melanin,beauty_melanin_,itsthedonjordan,1662975315
16,african_american,African American,0.583564,2022-10-21 11:05:17.701729,Beauty Melanin,beauty_melanin_,itsthedonjordan,1662645418
17,hispanic,Hispanic,0.020447,2022-10-21 11:05:17.701729,Beauty Melanin,beauty_melanin_,itsthedonjordan,1662645418
18,white,White / Caucasian,0.250099,2022-10-21 11:05:17.701729,Beauty Melanin,beauty_melanin_,itsthedonjordan,1662645418
19,asian,Asian,0.145891,2022-10-21 11:05:17.701729,Beauty Melanin,beauty_melanin_,itsthedonjordan,1662645418
20,african_american,African American,0.583564,2022-10-21 11:05:17.701729,Beauty Melanin,beauty_melanin_,itsthedonjordan,1664432559
21,white,White / Caucasian,0.250099,2022-10-21 11:05:17.701729,Beauty Melanin,beauty_melanin_,itsthedonjordan,1664432559
22,asian,Asian,0.145891,2022-10-21 11:05:17.701729,Beauty Melanin,beauty_melanin_,itsthedonjordan,1664432559
23,hispanic,Hispanic,0.020447,2022-10-21 11:05:17.701729,Beauty Melanin,beauty_melanin_,itsthedonjordan,1664432559
24,african_american,African American,0.271418,2022-10-21 11:05:17.701729,Beauty Melanin,beauty_melanin_,imara.grant,1662645904
25,hispanic,Hispanic,0.086225,2022-10-21 11:05:17.701729,Beauty Melanin,beauty_melanin_,imara.grant,1662645904
26,white,White / Caucasian,0.524742,2022-10-21 11:05:17.701729,Beauty Melanin,beauty_melanin_,imara.grant,1662645904
27,asian,Asian,0.117615,2022-10-21 11:05:17.701729,Beauty Melanin,beauty_melanin_,imara.grant,1662645904
28,african_american,African American,0.271548,2022-10-21 11:05:17.701729,Beauty Melanin,beauty_melanin_,imara.grant,1664431870
29,white,White / Caucasian,0.524992,2022-10-21 11:05:17.701729,Beauty Melanin,beauty_melanin_,imara.grant,1664431870
30,asian,Asian,0.117671,2022-10-21 11:05:17.701729,Beauty Melanin,beauty_melanin_,imara.grant,1664431870
31,hispanic,Hispanic,0.085789,2022-10-21 11:05:17.701729,Beauty Melanin,beauty_melanin_,imara.grant,1664431870
32,asian,Asian,0.117615,2022-10-21 11:05:17.701729,Beauty Melanin,beauty_melanin_,imara.grant,1662975192
33,white,White / Caucasian,0.524742,2022-10-21 11:05:17.701729,Beauty Melanin,beauty_melanin_,imara.grant,1662975192
34,african_american,African American,0.271418,2022-10-21 11:05:17.701729,Beauty Melanin,beauty_melanin_,imara.grant,1662975192
35,hispanic,Hispanic,0.086225,2022-10-21 11:05:17.701729,Beauty Melanin,beauty_melanin_,imara.grant,1662975192
36,african_american,African American,0.832946,2022-10-21 11:05:17.701729,Beauty Melanin,beauty_melanin_,amma.agyei,1662645397
37,white,White / Caucasian,0.091869,2022-10-21 11:05:17.701729,Beauty Melanin,beauty_melanin_,amma.agyei,1662645397
38,asian,Asian,0.067371,2022-10-21 11:05:17.701729,Beauty Melanin,beauty_melanin_,amma.agyei,1662645397
39,hispanic,Hispanic,0.007815,2022-10-21 11:05:17.701729,Beauty Melanin,beauty_melanin_,amma.agyei,1662645397
40,white,White / Caucasian,0.091869,2022-10-21 11:05:17.701729,Beauty Melanin,beauty_melanin_,amma.agyei,1664431836
41,hispanic,Hispanic,0.007815,2022-10-21 11:05:17.701729,Beauty Melanin,beauty_melanin_,amma.agyei,1664431836
42,asian,Asian,0.067371,2022-10-21 11:05:17.701729,Beauty Melanin,beauty_melanin_,amma.agyei,1664431836
43,african_american,African American,0.832946,2022-10-21 11:05:17.701729,Beauty Melanin,beauty_melanin_,amma.agyei,1664431836
44,asian,Asian,0.067371,2022-10-21 11:05:17.701729,Beauty Melanin,beauty_melanin_,amma.agyei,1662975218
45,african_american,African American,0.832946,2022-10-21 11:05:17.701729,Beauty Melanin,beauty_melanin_,amma.agyei,1662975218
46,white,White / Caucasian,0.091869,2022-10-21 11:05:17.701729,Beauty Melanin,beauty_melanin_,amma.agyei,1662975218
47,hispanic,Hispanic,0.007815,2022-10-21 11:05:17.701729,Beauty Melanin,beauty_melanin_,amma.agyei,1662975218
48,asian,Asian,0.067411,2022-10-21 11:05:17.701729,Beauty Melanin,beauty_melanin_,soogabooga,1662975173
49,white,White / Caucasian,0.260015,2022-10-21 11:05:17.701729,Beauty Melanin,beauty_melanin_,soogabooga,1662975173
50,african_american,African American,0.645222,2022-10-21 11:05:17.701729,Beauty Melanin,beauty_melanin_,soogabooga,1662975173
51,hispanic,Hispanic,0.027351,2022-10-21 11:05:17.701729,Beauty Melanin,beauty_melanin_,soogabooga,1662975173
52,african_american,African American,0.645222,2022-10-21 11:05:17.701729,Beauty Melanin,beauty_melanin_,soogabooga,1662645522
53,white,White / Caucasian,0.260015,2022-10-21 11:05:17.701729,Beauty Melanin,beauty_melanin_,soogabooga,1662645522
54,asian,Asian,0.067411,2022-10-21 11:05:17.701729,Beauty Melanin,beauty_melanin_,soogabooga,1662645522
55,hispanic,Hispanic,0.027351,2022-10-21 11:05:17.701729,Beauty Melanin,beauty_melanin_,soogabooga,1662645522
56,asian,Asian,0.067411,2022-10-21 11:05:17.701729,Beauty Melanin,beauty_melanin_,soogabooga,1664431703
57,african_american,African American,0.645222,2022-10-21 11:05:17.701729,Beauty Melanin,beauty_melanin_,soogabooga,1664431703
58,white,White / Caucasian,0.260015,2022-10-21 11:05:17.701729,Beauty Melanin,beauty_melanin_,soogabooga,1664431703
59,hispanic,Hispanic,0.027351,2022-10-21 11:05:17.701729,Beauty Melanin,beauty_melanin_,soogabooga,1664431703
60,african_american,African American,0.661191,2022-10-21 11:05:17.701729,Beauty Melanin,beauty_melanin_,iice.amber,1664431536
61,asian,Asian,0.149961,2022-10-21 11:05:17.701729,Beauty Melanin,beauty_melanin_,iice.amber,1664431536
62,hispanic,Hispanic,0.032071,2022-10-21 11:05:17.701729,Beauty Melanin,beauty_melanin_,iice.amber,1664431536
63,white,White / Caucasian,0.156777,2022-10-21 11:05:17.701729,Beauty Melanin,beauty_melanin_,iice.amber,1664431536
64,white,White / Caucasian,0.156809,2022-10-21 11:05:17.701729,Beauty Melanin,beauty_melanin_,iice.amber,1662975347
65,asian,Asian,0.149991,2022-10-21 11:05:17.701729,Beauty Melanin,beauty_melanin_,iice.amber,1662975347
66,african_american,African American,0.661323,2022-10-21 11:05:17.701729,Beauty Melanin,beauty_melanin_,iice.amber,1662975347
67,hispanic,Hispanic,0.031878,2022-10-21 11:05:17.701729,Beauty Melanin,beauty_melanin_,iice.amber,1662975347
68,white,White / Caucasian,0.156809,2022-10-21 11:05:17.701729,Beauty Melanin,beauty_melanin_,iice.amber,1662646244
69,african_american,African American,0.661323,2022-10-21 11:05:17.701729,Beauty Melanin,beauty_melanin_,iice.amber,1662646244
70,hispanic,Hispanic,0.031878,2022-10-21 11:05:17.701729,Beauty Melanin,beauty_melanin_,iice.amber,1662646244
71,asian,Asian,0.149991,2022-10-21 11:05:17.701729,Beauty Melanin,beauty_melanin_,iice.amber,1662646244
72,asian,Asian,0.062368,2022-10-21 11:05:17.701729,Beauty Melanin,beauty_melanin_,theankitaagrawal,1662975261
73,white,White / Caucasian,0.826373,2022-10-21 11:05:17.701729,Beauty Melanin,beauty_melanin_,theankitaagrawal,1662975261
74,african_american,African American,0.062368,2022-10-21 11:05:17.701729,Beauty Melanin,beauty_melanin_,theankitaagrawal,1662975261
75,hispanic,Hispanic,0.048891,2022-10-21 11:05:17.701729,Beauty Melanin,beauty_melanin_,theankitaagrawal,1662975261
76,white,White / Caucasian,0.848959,2022-10-21 11:05:17.701729,Beauty Melanin,beauty_melanin_,theankitaagrawal,1662645764
77,african_american,African American,0.052244,2022-10-21 11:05:17.701729,Beauty Melanin,beauty_melanin_,theankitaagrawal,1662645764
78,hispanic,Hispanic,0.046553,2022-10-21 11:05:17.701729,Beauty Melanin,beauty_melanin_,theankitaagrawal,1662645764
79,asian,Asian,0.052244,2022-10-21 11:05:17.701729,Beauty Melanin,beauty_melanin_,theankitaagrawal,1662645764
0,african_american,African American,0.061384,2022-10-21 11:05:17.701729,Beauty Melanin,beauty_melanin_,theankitaagrawal,1664432416
1,white,White / Caucasian,0.828683,2022-10-21 11:05:17.701729,Beauty Melanin,beauty_melanin_,theankitaagrawal,1664432416
2,asian,Asian,0.061384,2022-10-21 11:05:17.701729,Beauty Melanin,beauty_melanin_,theankitaagrawal,1664432416
3,hispanic,Hispanic,0.048549,2022-10-21 11:05:17.701729,Beauty Melanin,beauty_melanin_,theankitaagrawal,1664432416
0,asian,Asian,0.082335,2022-10-21 11:05:17.701729,Hereafter,from_hereafter,christinadahlmusic,1662974934
1,white,White / Caucasian,0.295796,2022-10-21 11:05:17.701729,Hereafter,from_hereafter,christinadahlmusic,1662974934
2,african_american,African American,0.512306,2022-10-21 11:05:17.701729,Hereafter,from_hereafter,christinadahlmusic,1662974934
3,hispanic,Hispanic,0.109563,2022-10-21 11:05:17.701729,Hereafter,from_hereafter,christinadahlmusic,1662974934
4,african_american,African American,0.512297,2022-10-21 11:05:17.701729,Hereafter,from_hereafter,christinadahlmusic,1662645818
5,white,White / Caucasian,0.29579,2022-10-21 11:05:17.701729,Hereafter,from_hereafter,christinadahlmusic,1662645818
6,asian,Asian,0.082333,2022-10-21 11:05:17.701729,Hereafter,from_hereafter,christinadahlmusic,1662645818
7,hispanic,Hispanic,0.109579,2022-10-21 11:05:17.701729,Hereafter,from_hereafter,christinadahlmusic,1662645818
8,white,White / Caucasian,0.295748,2022-10-21 11:05:17.701729,Hereafter,from_hereafter,christinadahlmusic,1664431544
9,hispanic,Hispanic,0.109707,2022-10-21 11:05:17.701729,Hereafter,from_hereafter,christinadahlmusic,1664431544
10,asian,Asian,0.082322,2022-10-21 11:05:17.701729,Hereafter,from_hereafter,christinadahlmusic,1664431544
11,african_american,African American,0.512223,2022-10-21 11:05:17.701729,Hereafter,from_hereafter,christinadahlmusic,1664431544
12,white,White / Caucasian,0.824791,2022-10-21 11:05:17.701729,Hereafter,from_hereafter,kaymcre,1663087029
13,hispanic,Hispanic,0.083565,2022-10-21 11:05:17.701729,Hereafter,from_hereafter,kaymcre,1663087029
14,african_american,African American,0.091643,2022-10-21 11:05:17.701729,Hereafter,from_hereafter,kaymcre,1663087029
15,asian,Asian,0.0,2022-10-21 11:05:17.701729,Hereafter,from_hereafter,kaymcre,1663087029
16,african_american,African American,0.091643,2022-10-21 11:05:17.701729,Hereafter,from_hereafter,kaymcre,1664431567
17,white,White / Caucasian,0.824791,2022-10-21 11:05:17.701729,Hereafter,from_hereafter,kaymcre,1664431567
18,asian,Asian,0.0,2022-10-21 11:05:17.701729,Hereafter,from_hereafter,kaymcre,1664431567
19,hispanic,Hispanic,0.083565,2022-10-21 11:05:17.701729,Hereafter,from_hereafter,kaymcre,1664431567
20,asian,Asian,0.096435,2022-10-21 11:05:17.701729,Hereafter,from_hereafter,ashleynelltipton,1662975322
21,white,White / Caucasian,0.649328,2022-10-21 11:05:17.701729,Hereafter,from_hereafter,ashleynelltipton,1662975322
22,african_american,African American,0.126437,2022-10-21 11:05:17.701729,Hereafter,from_hereafter,ashleynelltipton,1662975322
23,hispanic,Hispanic,0.1278,2022-10-21 11:05:17.701729,Hereafter,from_hereafter,ashleynelltipton,1662975322
24,african_american,African American,0.126434,2022-10-21 11:05:17.701729,Hereafter,from_hereafter,ashleynelltipton,1662645381
25,white,White / Caucasian,0.649315,2022-10-21 11:05:17.701729,Hereafter,from_hereafter,ashleynelltipton,1662645381
26,asian,Asian,0.096433,2022-10-21 11:05:17.701729,Hereafter,from_hereafter,ashleynelltipton,1662645381
27,hispanic,Hispanic,0.127817,2022-10-21 11:05:17.701729,Hereafter,from_hereafter,ashleynelltipton,1662645381
28,african_american,African American,0.126452,2022-10-21 11:05:17.701729,Hereafter,from_hereafter,ashleynelltipton,1664431640
29,white,White / Caucasian,0.649404,2022-10-21 11:05:17.701729,Hereafter,from_hereafter,ashleynelltipton,1664431640
30,asian,Asian,0.096446,2022-10-21 11:05:17.701729,Hereafter,from_hereafter,ashleynelltipton,1664431640
31,hispanic,Hispanic,0.127698,2022-10-21 11:05:17.701729,Hereafter,from_hereafter,ashleynelltipton,1664431640
32,african_american,African American,0.032767,2022-10-21 11:05:17.701729,Hereafter,from_hereafter,the_vintage_bombshell,1664431721
33,white,White / Caucasian,0.80169,2022-10-21 11:05:17.701729,Hereafter,from_hereafter,the_vintage_bombshell,1664431721
34,asian,Asian,0.104853,2022-10-21 11:05:17.701729,Hereafter,from_hereafter,the_vintage_bombshell,1664431721
35,hispanic,Hispanic,0.06069,2022-10-21 11:05:17.701729,Hereafter,from_hereafter,the_vintage_bombshell,1664431721
36,asian,Asian,0.104836,2022-10-21 11:05:17.701729,Hereafter,from_hereafter,the_vintage_bombshell,1662975303
37,white,White / Caucasian,0.80156,2022-10-21 11:05:17.701729,Hereafter,from_hereafter,the_vintage_bombshell,1662975303
38,african_american,African American,0.032761,2022-10-21 11:05:17.701729,Hereafter,from_hereafter,the_vintage_bombshell,1662975303
39,hispanic,Hispanic,0.060842,2022-10-21 11:05:17.701729,Hereafter,from_hereafter,the_vintage_bombshell,1662975303
40,white,White / Caucasian,0.801699,2022-10-21 11:05:17.701729,Hereafter,from_hereafter,the_vintage_bombshell,1662646317
41,hispanic,Hispanic,0.06068,2022-10-21 11:05:17.701729,Hereafter,from_hereafter,the_vintage_bombshell,1662646317
42,asian,Asian,0.104854,2022-10-21 11:05:17.701729,Hereafter,from_hereafter,the_vintage_bombshell,1662646317
43,african_american,African American,0.032767,2022-10-21 11:05:17.701729,Hereafter,from_hereafter,the_vintage_bombshell,1662646317
44,white,White / Caucasian,0.64948,2022-10-21 11:05:17.701729,Hereafter,from_hereafter,oxmxl,1664431632
45,hispanic,Hispanic,0.060327,2022-10-21 11:05:17.701729,Hereafter,from_hereafter,oxmxl,1664431632
46,asian,Asian,0.105943,2022-10-21 11:05:17.701729,Hereafter,from_hereafter,oxmxl,1664431632
47,african_american,African American,0.18425,2022-10-21 11:05:17.701729,Hereafter,from_hereafter,oxmxl,1664431632
48,african_american,African American,0.184137,2022-10-21 11:05:17.701729,Hereafter,from_hereafter,oxmxl,1662646263
49,white,White / Caucasian,0.649082,2022-10-21 11:05:17.701729,Hereafter,from_hereafter,oxmxl,1662646263
50,asian,Asian,0.105879,2022-10-21 11:05:17.701729,Hereafter,from_hereafter,oxmxl,1662646263
51,hispanic,Hispanic,0.060902,2022-10-21 11:05:17.701729,Hereafter,from_hereafter,oxmxl,1662646263
52,asian,Asian,0.105879,2022-10-21 11:05:17.701729,Hereafter,from_hereafter,oxmxl,1662974747
53,african_american,African American,0.184137,2022-10-21 11:05:17.701729,Hereafter,from_hereafter,oxmxl,1662974747
54,white,White / Caucasian,0.649082,2022-10-21 11:05:17.701729,Hereafter,from_hereafter,oxmxl,1662974747
55,hispanic,Hispanic,0.060902,2022-10-21 11:05:17.701729,Hereafter,from_hereafter,oxmxl,1662974747
56,white,White / Caucasian,0.309129,2022-10-21 11:05:17.701729,Hereafter,from_hereafter,mel77wa,1662646031
57,hispanic,Hispanic,0.624924,2022-10-21 11:05:17.701729,Hereafter,from_hereafter,mel77wa,1662646031
58,asian,Asian,0.049461,2022-10-21 11:05:17.701729,Hereafter,from_hereafter,mel77wa,1662646031
59,african_american,African American,0.016487,2022-10-21 11:05:17.701729,Hereafter,from_hereafter,mel77wa,1662646031
60,african_american,African American,0.016487,2022-10-21 11:05:17.701729,Hereafter,from_hereafter,mel77wa,1664431777
61,white,White / Caucasian,0.309129,2022-10-21 11:05:17.701729,Hereafter,from_hereafter,mel77wa,1664431777
62,asian,Asian,0.049461,2022-10-21 11:05:17.701729,Hereafter,from_hereafter,mel77wa,1664431777
63,hispanic,Hispanic,0.624924,2022-10-21 11:05:17.701729,Hereafter,from_hereafter,mel77wa,1664431777
64,white,White / Caucasian,0.309129,2022-10-21 11:05:17.701729,Hereafter,from_hereafter,mel77wa,1662974771
65,asian,Asian,0.049461,2022-10-21 11:05:17.701729,Hereafter,from_hereafter,mel77wa,1662974771
66,african_american,African American,0.016487,2022-10-21 11:05:17.701729,Hereafter,from_hereafter,mel77wa,1662974771
67,hispanic,Hispanic,0.624924,2022-10-21 11:05:17.701729,Hereafter,from_hereafter,mel77wa,1662974771
68,asian,Asian,0.122948,2022-10-21 11:05:17.701729,Hereafter,from_hereafter,momentswithmellissa,1664432004
69,african_american,African American,0.026989,2022-10-21 11:05:17.701729,Hereafter,from_hereafter,momentswithmellissa,1664432004
70,white,White / Caucasian,0.782668,2022-10-21 11:05:17.701729,Hereafter,from_hereafter,momentswithmellissa,1664432004
71,hispanic,Hispanic,0.067396,2022-10-21 11:05:17.701729,Hereafter,from_hereafter,momentswithmellissa,1664432004
72,asian,Asian,0.122977,2022-10-21 11:05:17.701729,Hereafter,from_hereafter,momentswithmellissa,1662974826
73,white,White / Caucasian,0.782854,2022-10-21 11:05:17.701729,Hereafter,from_hereafter,momentswithmellissa,1662974826
74,african_american,African American,0.026995,2022-10-21 11:05:17.701729,Hereafter,from_hereafter,momentswithmellissa,1662974826
75,hispanic,Hispanic,0.067174,2022-10-21 11:05:17.701729,Hereafter,from_hereafter,momentswithmellissa,1662974826
76,white,White / Caucasian,0.78316,2022-10-21 11:05:17.701729,Hereafter,from_hereafter,momentswithmellissa,1662646114
77,african_american,African American,0.027006,2022-10-21 11:05:17.701729,Hereafter,from_hereafter,momentswithmellissa,1662646114
78,hispanic,Hispanic,0.066809,2022-10-21 11:05:17.701729,Hereafter,from_hereafter,momentswithmellissa,1662646114
79,asian,Asian,0.123025,2022-10-21 11:05:17.701729,Hereafter,from_hereafter,momentswithmellissa,1662646114
80,asian,Asian,0.106405,2022-10-21 11:05:17.701729,Hereafter,from_hereafter,_natalii3,1662974924
81,white,White / Caucasian,0.391924,2022-10-21 11:05:17.701729,Hereafter,from_hereafter,_natalii3,1662974924
82,african_american,African American,0.383057,2022-10-21 11:05:17.701729,Hereafter,from_hereafter,_natalii3,1662974924
83,hispanic,Hispanic,0.118615,2022-10-21 11:05:17.701729,Hereafter,from_hereafter,_natalii3,1662974924
84,asian,Asian,0.106407,2022-10-21 11:05:17.701729,Hereafter,from_hereafter,_natalii3,1664431509
85,african_american,African American,0.383065,2022-10-21 11:05:17.701729,Hereafter,from_hereafter,_natalii3,1664431509
86,white,White / Caucasian,0.391932,2022-10-21 11:05:17.701729,Hereafter,from_hereafter,_natalii3,1664431509
87,hispanic,Hispanic,0.118596,2022-10-21 11:05:17.701729,Hereafter,from_hereafter,_natalii3,1664431509
88,african_american,African American,0.383049,2022-10-21 11:05:17.701729,Hereafter,from_hereafter,_natalii3,1662645760
89,hispanic,Hispanic,0.118633,2022-10-21 11:05:17.701729,Hereafter,from_hereafter,_natalii3,1662645760
90,white,White / Caucasian,0.391916,2022-10-21 11:05:17.701729,Hereafter,from_hereafter,_natalii3,1662645760
91,asian,Asian,0.106402,2022-10-21 11:05:17.701729,Hereafter,from_hereafter,_natalii3,1662645760
92,asian,Asian,0.111808,2022-10-21 11:05:17.701729,Hereafter,from_hereafter,livingwithjackie_,1662974802
93,white,White / Caucasian,0.765644,2022-10-21 11:05:17.701729,Hereafter,from_hereafter,livingwithjackie_,1662974802
94,african_american,African American,0.043751,2022-10-21 11:05:17.701729,Hereafter,from_hereafter,livingwithjackie_,1662974802
95,hispanic,Hispanic,0.078797,2022-10-21 11:05:17.701729,Hereafter,from_hereafter,livingwithjackie_,1662974802
96,white,White / Caucasian,0.766103,2022-10-21 11:05:17.701729,Hereafter,from_hereafter,livingwithjackie_,1662645439
97,hispanic,Hispanic,0.078244,2022-10-21 11:05:17.701729,Hereafter,from_hereafter,livingwithjackie_,1662645439
98,asian,Asian,0.111875,2022-10-21 11:05:17.701729,Hereafter,from_hereafter,livingwithjackie_,1662645439
99,african_american,African American,0.043777,2022-10-21 11:05:17.701729,Hereafter,from_hereafter,livingwithjackie_,1662645439
100,white,White / Caucasian,0.765077,2022-10-21 11:05:17.701729,Hereafter,from_hereafter,livingwithjackie_,1664431735
101,hispanic,Hispanic,0.079479,2022-10-21 11:05:17.701729,Hereafter,from_hereafter,livingwithjackie_,1664431735
102,asian,Asian,0.111725,2022-10-21 11:05:17.701729,Hereafter,from_hereafter,livingwithjackie_,1664431735
103,african_american,African American,0.043719,2022-10-21 11:05:17.701729,Hereafter,from_hereafter,livingwithjackie_,1664431735
104,african_american,African American,0.694092,2022-10-21 11:05:17.701729,Hereafter,from_hereafter,officialmsharper,1662645870
105,white,White / Caucasian,0.154243,2022-10-21 11:05:17.701729,Hereafter,from_hereafter,officialmsharper,1662645870
106,asian,Asian,0.098154,2022-10-21 11:05:17.701729,Hereafter,from_hereafter,officialmsharper,1662645870
107,hispanic,Hispanic,0.053511,2022-10-21 11:05:17.701729,Hereafter,from_hereafter,officialmsharper,1662645870
108,asian,Asian,0.098412,2022-10-21 11:05:17.701729,Hereafter,from_hereafter,officialmsharper,1662974949
109,white,White / Caucasian,0.152538,2022-10-21 11:05:17.701729,Hereafter,from_hereafter,officialmsharper,1662974949
110,african_american,African American,0.693801,2022-10-21 11:05:17.701729,Hereafter,from_hereafter,officialmsharper,1662974949
111,hispanic,Hispanic,0.05525,2022-10-21 11:05:17.701729,Hereafter,from_hereafter,officialmsharper,1662974949
112,white,White / Caucasian,0.142277,2022-10-21 11:05:17.701729,Hereafter,from_hereafter,officialmsharper,1664431781
113,hispanic,Hispanic,0.055796,2022-10-21 11:05:17.701729,Hereafter,from_hereafter,officialmsharper,1664431781
114,asian,Asian,0.09054,2022-10-21 11:05:17.701729,Hereafter,from_hereafter,officialmsharper,1664431781
115,african_american,African American,0.711387,2022-10-21 11:05:17.701729,Hereafter,from_hereafter,officialmsharper,1664431781
116,white,White / Caucasian,0.876332,2022-10-21 11:05:17.701729,Hereafter,from_hereafter,patrianasonia,1662974943
117,asian,Asian,0.101115,2022-10-21 11:05:17.701729,Hereafter,from_hereafter,patrianasonia,1662974943
118,african_american,African American,0.0,2022-10-21 11:05:17.701729,Hereafter,from_hereafter,patrianasonia,1662974943
119,hispanic,Hispanic,0.022552,2022-10-21 11:05:17.701729,Hereafter,from_hereafter,patrianasonia,1662974943
120,white,White / Caucasian,0.876094,2022-10-21 11:05:17.701729,Hereafter,from_hereafter,patrianasonia,1662645399
121,hispanic,Hispanic,0.022818,2022-10-21 11:05:17.701729,Hereafter,from_hereafter,patrianasonia,1662645399
122,asian,Asian,0.101088,2022-10-21 11:05:17.701729,Hereafter,from_hereafter,patrianasonia,1662645399
123,african_american,African American,0.0,2022-10-21 11:05:17.701729,Hereafter,from_hereafter,patrianasonia,1662645399
124,african_american,African American,0.0,2022-10-21 11:05:17.701729,Hereafter,from_hereafter,patrianasonia,1664431518
125,asian,Asian,0.101116,2022-10-21 11:05:17.701729,Hereafter,from_hereafter,patrianasonia,1664431518
126,hispanic,Hispanic,0.022546,2022-10-21 11:05:17.701729,Hereafter,from_hereafter,patrianasonia,1664431518
127,white,White / Caucasian,0.876338,2022-10-21 11:05:17.701729,Hereafter,from_hereafter,patrianasonia,1664431518
128,white,White / Caucasian,0.771953,2022-10-21 11:05:17.701729,Hereafter,from_hereafter,harpergraemusic,1662645508
129,hispanic,Hispanic,0.116113,2022-10-21 11:05:17.701729,Hereafter,from_hereafter,harpergraemusic,1662645508
130,asian,Asian,0.057897,2022-10-21 11:05:17.701729,Hereafter,from_hereafter,harpergraemusic,1662645508
131,african_american,African American,0.054037,2022-10-21 11:05:17.701729,Hereafter,from_hereafter,harpergraemusic,1662645508
132,asian,Asian,0.057897,2022-10-21 11:05:17.701729,Hereafter,from_hereafter,harpergraemusic,1664431727
133,african_american,African American,0.054037,2022-10-21 11:05:17.701729,Hereafter,from_hereafter,harpergraemusic,1664431727
134,white,White / Caucasian,0.771953,2022-10-21 11:05:17.701729,Hereafter,from_hereafter,harpergraemusic,1664431727
135,hispanic,Hispanic,0.116113,2022-10-21 11:05:17.701729,Hereafter,from_hereafter,harpergraemusic,1664431727
136,asian,Asian,0.057897,2022-10-21 11:05:17.701729,Hereafter,from_hereafter,harpergraemusic,1662974993
137,african_american,African American,0.054037,2022-10-21 11:05:17.701729,Hereafter,from_hereafter,harpergraemusic,1662974993
138,white,White / Caucasian,0.771953,2022-10-21 11:05:17.701729,Hereafter,from_hereafter,harpergraemusic,1662974993
139,hispanic,Hispanic,0.116113,2022-10-21 11:05:17.701729,Hereafter,from_hereafter,harpergraemusic,1662974993
140,african_american,African American,0.264125,2022-10-21 11:05:17.701729,Hereafter,from_hereafter,_lunita,1664431479
141,asian,Asian,0.112642,2022-10-21 11:05:17.701729,Hereafter,from_hereafter,_lunita,1664431479
142,hispanic,Hispanic,0.075562,2022-10-21 11:05:17.701729,Hereafter,from_hereafter,_lunita,1664431479
143,white,White / Caucasian,0.547671,2022-10-21 11:05:17.701729,Hereafter,from_hereafter,_lunita,1664431479
144,white,White / Caucasian,0.547678,2022-10-21 11:05:17.701729,Hereafter,from_hereafter,_lunita,1663087017
145,hispanic,Hispanic,0.075551,2022-10-21 11:05:17.701729,Hereafter,from_hereafter,_lunita,1663087017
146,asian,Asian,0.112643,2022-10-21 11:05:17.701729,Hereafter,from_hereafter,_lunita,1663087017
147,african_american,African American,0.264128,2022-10-21 11:05:17.701729,Hereafter,from_hereafter,_lunita,1663087017
148,african_american,African American,0.010389,2022-10-21 11:05:17.701729,Hereafter,from_hereafter,raleighlilith,1662646070
149,white,White / Caucasian,0.862264,2022-10-21 11:05:17.701729,Hereafter,from_hereafter,raleighlilith,1662646070
150,asian,Asian,0.103887,2022-10-21 11:05:17.701729,Hereafter,from_hereafter,raleighlilith,1662646070
151,hispanic,Hispanic,0.02346,2022-10-21 11:05:17.701729,Hereafter,from_hereafter,raleighlilith,1662646070
152,african_american,African American,0.010389,2022-10-21 11:05:17.701729,Hereafter,from_hereafter,raleighlilith,1664431520
153,asian,Asian,0.103887,2022-10-21 11:05:17.701729,Hereafter,from_hereafter,raleighlilith,1664431520
154,hispanic,Hispanic,0.02346,2022-10-21 11:05:17.701729,Hereafter,from_hereafter,raleighlilith,1664431520
155,white,White / Caucasian,0.862264,2022-10-21 11:05:17.701729,Hereafter,from_hereafter,raleighlilith,1664431520
156,asian,Asian,0.103887,2022-10-21 11:05:17.701729,Hereafter,from_hereafter,raleighlilith,1662974962
157,african_american,African American,0.010389,2022-10-21 11:05:17.701729,Hereafter,from_hereafter,raleighlilith,1662974962
158,white,White / Caucasian,0.862264,2022-10-21 11:05:17.701729,Hereafter,from_hereafter,raleighlilith,1662974962
159,hispanic,Hispanic,0.02346,2022-10-21 11:05:17.701729,Hereafter,from_hereafter,raleighlilith,1662974962
160,african_american,African American,0.060057,2022-10-21 11:05:17.701729,Hereafter,from_hereafter,sarahjpreston,1664431716
161,asian,Asian,0.121934,2022-10-21 11:05:17.701729,Hereafter,from_hereafter,sarahjpreston,1664431716
162,hispanic,Hispanic,0.099145,2022-10-21 11:05:17.701729,Hereafter,from_hereafter,sarahjpreston,1664431716
163,white,White / Caucasian,0.718864,2022-10-21 11:05:17.701729,Hereafter,from_hereafter,sarahjpreston,1664431716
164,white,White / Caucasian,0.718864,2022-10-21 11:05:17.701729,Hereafter,from_hereafter,sarahjpreston,1662645519
165,hispanic,Hispanic,0.099145,2022-10-21 11:05:17.701729,Hereafter,from_hereafter,sarahjpreston,1662645519
166,asian,Asian,0.121934,2022-10-21 11:05:17.701729,Hereafter,from_hereafter,sarahjpreston,1662645519
167,african_american,African American,0.060057,2022-10-21 11:05:17.701729,Hereafter,from_hereafter,sarahjpreston,1662645519
168,asian,Asian,0.121935,2022-10-21 11:05:17.701729,Hereafter,from_hereafter,sarahjpreston,1662974731
169,african_american,African American,0.060058,2022-10-21 11:05:17.701729,Hereafter,from_hereafter,sarahjpreston,1662974731
170,white,White / Caucasian,0.718873,2022-10-21 11:05:17.701729,Hereafter,from_hereafter,sarahjpreston,1662974731
171,hispanic,Hispanic,0.099133,2022-10-21 11:05:17.701729,Hereafter,from_hereafter,sarahjpreston,1662974731
172,white,White / Caucasian,0.19602,2022-10-21 11:05:17.701729,Hereafter,from_hereafter,miixeddoll,1664431527
173,hispanic,Hispanic,0.027159,2022-10-21 11:05:17.701729,Hereafter,from_hereafter,miixeddoll,1664431527
174,asian,Asian,0.13068,2022-10-21 11:05:17.701729,Hereafter,from_hereafter,miixeddoll,1664431527
175,african_american,African American,0.646141,2022-10-21 11:05:17.701729,Hereafter,from_hereafter,miixeddoll,1664431527
176,white,White / Caucasian,0.196018,2022-10-21 11:05:17.701729,Hereafter,from_hereafter,miixeddoll,1662646215
177,african_american,African American,0.646135,2022-10-21 11:05:17.701729,Hereafter,from_hereafter,miixeddoll,1662646215
178,hispanic,Hispanic,0.027168,2022-10-21 11:05:17.701729,Hereafter,from_hereafter,miixeddoll,1662646215
179,asian,Asian,0.130679,2022-10-21 11:05:17.701729,Hereafter,from_hereafter,miixeddoll,1662646215
180,asian,Asian,0.13068,2022-10-21 11:05:17.701729,Hereafter,from_hereafter,miixeddoll,1662974736
181,white,White / Caucasian,0.196019,2022-10-21 11:05:17.701729,Hereafter,from_hereafter,miixeddoll,1662974736
182,african_american,African American,0.646138,2022-10-21 11:05:17.701729,Hereafter,from_hereafter,miixeddoll,1662974736
183,hispanic,Hispanic,0.027164,2022-10-21 11:05:17.701729,Hereafter,from_hereafter,miixeddoll,1662974736
184,asian,Asian,0.086726,2022-10-21 11:05:17.701729,Hereafter,from_hereafter,ofc.gaines_,1662974910
185,white,White / Caucasian,0.780534,2022-10-21 11:05:17.701729,Hereafter,from_hereafter,ofc.gaines_,1662974910
186,african_american,African American,0.031537,2022-10-21 11:05:17.701729,Hereafter,from_hereafter,ofc.gaines_,1662974910
187,hispanic,Hispanic,0.101204,2022-10-21 11:05:17.701729,Hereafter,from_hereafter,ofc.gaines_,1662974910
188,african_american,African American,0.031537,2022-10-21 11:05:17.701729,Hereafter,from_hereafter,ofc.gaines_,1664431836
189,asian,Asian,0.086726,2022-10-21 11:05:17.701729,Hereafter,from_hereafter,ofc.gaines_,1664431836
190,hispanic,Hispanic,0.101204,2022-10-21 11:05:17.701729,Hereafter,from_hereafter,ofc.gaines_,1664431836
191,white,White / Caucasian,0.780534,2022-10-21 11:05:17.701729,Hereafter,from_hereafter,ofc.gaines_,1664431836
192,white,White / Caucasian,0.780534,2022-10-21 11:05:17.701729,Hereafter,from_hereafter,ofc.gaines_,1662645832
193,hispanic,Hispanic,0.101204,2022-10-21 11:05:17.701729,Hereafter,from_hereafter,ofc.gaines_,1662645832
194,asian,Asian,0.086726,2022-10-21 11:05:17.701729,Hereafter,from_hereafter,ofc.gaines_,1662645832
195,african_american,African American,0.031537,2022-10-21 11:05:17.701729,Hereafter,from_hereafter,ofc.gaines_,1662645832
196,african_american,African American,0.02605,2022-10-21 11:05:17.701729,Hereafter,from_hereafter,london_dayy,1662646406
197,white,White / Caucasian,0.807554,2022-10-21 11:05:17.701729,Hereafter,from_hereafter,london_dayy,1662646406
198,asian,Asian,0.104201,2022-10-21 11:05:17.701729,Hereafter,from_hereafter,london_dayy,1662646406
199,hispanic,Hispanic,0.062195,2022-10-21 11:05:17.701729,Hereafter,from_hereafter,london_dayy,1662646406
200,african_american,African American,0.02605,2022-10-21 11:05:17.701729,Hereafter,from_hereafter,london_dayy,1664431459
201,asian,Asian,0.104201,2022-10-21 11:05:17.701729,Hereafter,from_hereafter,london_dayy,1664431459
202,hispanic,Hispanic,0.062195,2022-10-21 11:05:17.701729,Hereafter,from_hereafter,london_dayy,1664431459
203,white,White / Caucasian,0.807554,2022-10-21 11:05:17.701729,Hereafter,from_hereafter,london_dayy,1664431459
204,white,White / Caucasian,0.807554,2022-10-21 11:05:17.701729,Hereafter,from_hereafter,london_dayy,1662974803
205,asian,Asian,0.104201,2022-10-21 11:05:17.701729,Hereafter,from_hereafter,london_dayy,1662974803
206,african_american,African American,0.02605,2022-10-21 11:05:17.701729,Hereafter,from_hereafter,london_dayy,1662974803
207,hispanic,Hispanic,0.062195,2022-10-21 11:05:17.701729,Hereafter,from_hereafter,london_dayy,1662974803
208,african_american,African American,0.054163,2022-10-21 11:05:17.701729,Hereafter,from_hereafter,brookegriffin.fit,1664431547
209,asian,Asian,0.051584,2022-10-21 11:05:17.701729,Hereafter,from_hereafter,brookegriffin.fit,1664431547
210,hispanic,Hispanic,0.071493,2022-10-21 11:05:17.701729,Hereafter,from_hereafter,brookegriffin.fit,1664431547
211,white,White / Caucasian,0.82276,2022-10-21 11:05:17.701729,Hereafter,from_hereafter,brookegriffin.fit,1664431547
212,white,White / Caucasian,0.822357,2022-10-21 11:05:17.701729,Hereafter,from_hereafter,brookegriffin.fit,1662974862
213,asian,Asian,0.051558,2022-10-21 11:05:17.701729,Hereafter,from_hereafter,brookegriffin.fit,1662974862
214,african_american,African American,0.054136,2022-10-21 11:05:17.701729,Hereafter,from_hereafter,brookegriffin.fit,1662974862
215,hispanic,Hispanic,0.071948,2022-10-21 11:05:17.701729,Hereafter,from_hereafter,brookegriffin.fit,1662974862
216,white,White / Caucasian,0.822357,2022-10-21 11:05:17.701729,Hereafter,from_hereafter,brookegriffin.fit,1662645999
217,african_american,African American,0.054136,2022-10-21 11:05:17.701729,Hereafter,from_hereafter,brookegriffin.fit,1662645999
218,hispanic,Hispanic,0.071948,2022-10-21 11:05:17.701729,Hereafter,from_hereafter,brookegriffin.fit,1662645999
219,asian,Asian,0.051558,2022-10-21 11:05:17.701729,Hereafter,from_hereafter,brookegriffin.fit,1662645999
220,white,White / Caucasian,0.691131,2022-10-21 11:05:17.701729,Hereafter,from_hereafter,r4review,1662974939
221,asian,Asian,0.155926,2022-10-21 11:05:17.701729,Hereafter,from_hereafter,r4review,1662974939
222,african_american,African American,0.092713,2022-10-21 11:05:17.701729,Hereafter,from_hereafter,r4review,1662974939
223,hispanic,Hispanic,0.060231,2022-10-21 11:05:17.701729,Hereafter,from_hereafter,r4review,1662974939
224,african_american,African American,0.092713,2022-10-21 11:05:17.701729,Hereafter,from_hereafter,r4review,1662645357
225,white,White / Caucasian,0.691137,2022-10-21 11:05:17.701729,Hereafter,from_hereafter,r4review,1662645357
226,asian,Asian,0.155927,2022-10-21 11:05:17.701729,Hereafter,from_hereafter,r4review,1662645357
227,hispanic,Hispanic,0.060223,2022-10-21 11:05:17.701729,Hereafter,from_hereafter,r4review,1662645357
228,white,White / Caucasian,0.690941,2022-10-21 11:05:17.701729,Hereafter,from_hereafter,r4review,1664431514
229,hispanic,Hispanic,0.060489,2022-10-21 11:05:17.701729,Hereafter,from_hereafter,r4review,1664431514
230,asian,Asian,0.155883,2022-10-21 11:05:17.701729,Hereafter,from_hereafter,r4review,1664431514
231,african_american,African American,0.092687,2022-10-21 11:05:17.701729,Hereafter,from_hereafter,r4review,1664431514
232,asian,Asian,0.110399,2022-10-21 11:05:17.701729,Hereafter,from_hereafter,ferfloresoficial,1662974792
233,african_american,African American,0.107415,2022-10-21 11:05:17.701729,Hereafter,from_hereafter,ferfloresoficial,1662974792
234,white,White / Caucasian,0.638523,2022-10-21 11:05:17.701729,Hereafter,from_hereafter,ferfloresoficial,1662974792
235,hispanic,Hispanic,0.143664,2022-10-21 11:05:17.701729,Hereafter,from_hereafter,ferfloresoficial,1662974792
236,white,White / Caucasian,0.638523,2022-10-21 11:05:17.701729,Hereafter,from_hereafter,ferfloresoficial,1662646005
237,african_american,African American,0.107415,2022-10-21 11:05:17.701729,Hereafter,from_hereafter,ferfloresoficial,1662646005
238,hispanic,Hispanic,0.143664,2022-10-21 11:05:17.701729,Hereafter,from_hereafter,ferfloresoficial,1662646005
239,asian,Asian,0.110399,2022-10-21 11:05:17.701729,Hereafter,from_hereafter,ferfloresoficial,1662646005
240,african_american,African American,0.107343,2022-10-21 11:05:17.701729,Hereafter,from_hereafter,ferfloresoficial,1664431523
241,white,White / Caucasian,0.638096,2022-10-21 11:05:17.701729,Hereafter,from_hereafter,ferfloresoficial,1664431523
242,asian,Asian,0.110325,2022-10-21 11:05:17.701729,Hereafter,from_hereafter,ferfloresoficial,1664431523
243,hispanic,Hispanic,0.144236,2022-10-21 11:05:17.701729,Hereafter,from_hereafter,ferfloresoficial,1664431523
244,white,White / Caucasian,0.692763,2022-10-21 11:05:17.701729,Hereafter,from_hereafter,erikachristiansen,1662646128
245,hispanic,Hispanic,0.080101,2022-10-21 11:05:17.701729,Hereafter,from_hereafter,erikachristiansen,1662646128
246,asian,Asian,0.090854,2022-10-21 11:05:17.701729,Hereafter,from_hereafter,erikachristiansen,1662646128
247,african_american,African American,0.136281,2022-10-21 11:05:17.701729,Hereafter,from_hereafter,erikachristiansen,1662646128
248,white,White / Caucasian,0.692814,2022-10-21 11:05:17.701729,Hereafter,from_hereafter,erikachristiansen,1662975292
249,asian,Asian,0.090861,2022-10-21 11:05:17.701729,Hereafter,from_hereafter,erikachristiansen,1662975292
250,african_american,African American,0.136291,2022-10-21 11:05:17.701729,Hereafter,from_hereafter,erikachristiansen,1662975292
251,hispanic,Hispanic,0.080034,2022-10-21 11:05:17.701729,Hereafter,from_hereafter,erikachristiansen,1662975292
252,african_american,African American,0.136291,2022-10-21 11:05:17.701729,Hereafter,from_hereafter,erikachristiansen,1664432512
253,white,White / Caucasian,0.692814,2022-10-21 11:05:17.701729,Hereafter,from_hereafter,erikachristiansen,1664432512
254,asian,Asian,0.090861,2022-10-21 11:05:17.701729,Hereafter,from_hereafter,erikachristiansen,1664432512
255,hispanic,Hispanic,0.080034,2022-10-21 11:05:17.701729,Hereafter,from_hereafter,erikachristiansen,1664432512
256,white,White / Caucasian,0.759806,2022-10-21 11:05:17.701729,Hereafter,from_hereafter,goodboy_zax,1662646152
257,african_american,African American,0.060302,2022-10-21 11:05:17.701729,Hereafter,from_hereafter,goodboy_zax,1662646152
258,hispanic,Hispanic,0.083409,2022-10-21 11:05:17.701729,Hereafter,from_hereafter,goodboy_zax,1662646152
259,asian,Asian,0.096483,2022-10-21 11:05:17.701729,Hereafter,from_hereafter,goodboy_zax,1662646152
260,white,White / Caucasian,0.759806,2022-10-21 11:05:17.701729,Hereafter,from_hereafter,goodboy_zax,1664431779
261,hispanic,Hispanic,0.083409,2022-10-21 11:05:17.701729,Hereafter,from_hereafter,goodboy_zax,1664431779
262,asian,Asian,0.096483,2022-10-21 11:05:17.701729,Hereafter,from_hereafter,goodboy_zax,1664431779
263,african_american,African American,0.060302,2022-10-21 11:05:17.701729,Hereafter,from_hereafter,goodboy_zax,1664431779
264,asian,Asian,0.096483,2022-10-21 11:05:17.701729,Hereafter,from_hereafter,goodboy_zax,1662975243
265,white,White / Caucasian,0.759806,2022-10-21 11:05:17.701729,Hereafter,from_hereafter,goodboy_zax,1662975243
266,african_american,African American,0.060302,2022-10-21 11:05:17.701729,Hereafter,from_hereafter,goodboy_zax,1662975243
267,hispanic,Hispanic,0.083409,2022-10-21 11:05:17.701729,Hereafter,from_hereafter,goodboy_zax,1662975243
268,white,White / Caucasian,0.186383,2022-10-21 11:05:17.701729,Hereafter,from_hereafter,ashakosh,1662974826
269,asian,Asian,0.084173,2022-10-21 11:05:17.701729,Hereafter,from_hereafter,ashakosh,1662974826
270,african_american,African American,0.70044,2022-10-21 11:05:17.701729,Hereafter,from_hereafter,ashakosh,1662974826
271,hispanic,Hispanic,0.029004,2022-10-21 11:05:17.701729,Hereafter,from_hereafter,ashakosh,1662974826
272,african_american,African American,0.700545,2022-10-21 11:05:17.701729,Hereafter,from_hereafter,ashakosh,1664431736
273,white,White / Caucasian,0.186411,2022-10-21 11:05:17.701729,Hereafter,from_hereafter,ashakosh,1664431736
274,asian,Asian,0.084186,2022-10-21 11:05:17.701729,Hereafter,from_hereafter,ashakosh,1664431736
275,hispanic,Hispanic,0.028858,2022-10-21 11:05:17.701729,Hereafter,from_hereafter,ashakosh,1664431736
0,african_american,African American,0.734892,2022-10-21 11:05:17.701729,Hereafter,from_hereafter,ashakosh,1662645578
1,hispanic,Hispanic,0.026268,2022-10-21 11:05:17.701729,Hereafter,from_hereafter,ashakosh,1662645578
2,white,White / Caucasian,0.165351,2022-10-21 11:05:17.701729,Hereafter,from_hereafter,ashakosh,1662645578
3,asian,Asian,0.073489,2022-10-21 11:05:17.701729,Hereafter,from_hereafter,ashakosh,1662645578
