,_OS_CREATED_AT,OS_MERCHANT,OS_HANDLE,INFLUENCER_HANDLE,CODE,notable_users_ratio,audience_credibility,credibility_class
0,2022-10-21 11:05:17.701729,Kozy Couch,kozycouch,chelseaericasmith,1662974911,0.1824,0.6938,bad
1,2022-10-21 11:05:17.701729,Kozy Couch,kozycouch,chelseaericasmith,1664431477,0.1863,0.706,bad
2,2022-10-21 11:05:17.701729,Kozy Couch,kozycouch,chelseaericasmith,1662645609,0.1857,0.7052,bad
3,2022-10-21 11:05:17.701729,Kozy Couch,kozycouch,kasey.moore_,1662975050,0.2559,0.7502,bad
4,2022-10-21 11:05:17.701729,Kozy Couch,kozycouch,kasey.moore_,1662646222,0.2581,0.7416,bad
5,2022-10-21 11:05:17.701729,Kozy Couch,kozycouch,kasey.moore_,1664431578,0.2656,0.7494,bad
6,2022-10-21 11:05:17.701729,Kozy Couch,kozycouch,lovemilanmarie,1664431423,0.3454,0.7883,bad
7,2022-10-21 11:05:17.701729,Kozy Couch,kozycouch,lovemilanmarie,1662974932,0.3562,0.7794,bad
8,2022-10-21 11:05:17.701729,Kozy Couch,kozycouch,lovemilanmarie,1662646464,0.3527,0.7858,bad
9,2022-10-21 11:05:17.701729,Kozy Couch,kozycouch,Tara.dye,1663087018,0.4245,0.7146,bad
10,2022-10-21 11:05:17.701729,Kozy Couch,kozycouch,Tara.dye,1664431484,0.4224,0.7104,bad
11,2022-10-21 11:05:17.701729,Kozy Couch,kozycouch,its.sage.thyme,1664431468,0.5585,0.8488,low
12,2022-10-21 11:05:17.701729,Kozy Couch,kozycouch,its.sage.thyme,1662974796,0.5583,0.8494,low
13,2022-10-21 11:05:17.701729,Kozy Couch,kozycouch,its.sage.thyme,1662645368,0.5573,0.8494,low
14,2022-10-21 11:05:17.701729,Kozy Couch,kozycouch,Adalynandmommy,1664431487,0.5373,0.9468,high
15,2022-10-21 11:05:17.701729,Kozy Couch,kozycouch,Adalynandmommy,1663087024,0.5371,0.947,high
16,2022-10-21 11:05:17.701729,Kozy Couch,kozycouch,themhoffers,1664431489,0.687,0.8645,normal
17,2022-10-21 11:05:17.701729,Kozy Couch,kozycouch,themhoffers,1663087071,0.6862,0.8641,normal
18,2022-10-21 11:05:17.701729,Kozy Couch,kozycouch,Shawnteltheprototype,1663087087,0.2249,0.451,bad
19,2022-10-21 11:05:17.701729,Kozy Couch,kozycouch,Shawnteltheprototype,1664431999,0.2332,0.4506,bad
20,2022-10-21 11:05:17.701729,Kozy Couch,kozycouch,bria.snyder,1664431625,0.2662,0.7753,bad
21,2022-10-21 11:05:17.701729,Kozy Couch,kozycouch,bria.snyder,1662646169,0.2642,0.7681,bad
0,2022-10-21 11:05:17.701729,Kozy Couch,kozycouch,bria.snyder,1662974858,0.2653,0.7708,bad
0,2022-10-21 11:05:17.701729,Epiphanie,epiphanie.co,alyssashenaye,1662646335,0.2838,0.703,bad
1,2022-10-21 11:05:17.701729,Epiphanie,epiphanie.co,alyssashenaye,1662975205,0.2925,0.7157,bad
2,2022-10-21 11:05:17.701729,Epiphanie,epiphanie.co,alyssashenaye,1664431698,0.2864,0.7047,bad
3,2022-10-21 11:05:17.701729,Epiphanie,epiphanie.co,whatkaliwears,1662645493,0.1143,0.5233,bad
4,2022-10-21 11:05:17.701729,Epiphanie,epiphanie.co,whatkaliwears,1662975103,0.1164,0.5224,bad
5,2022-10-21 11:05:17.701729,Epiphanie,epiphanie.co,whatkaliwears,1664431913,0.1246,0.5264,bad
6,2022-10-21 11:05:17.701729,Epiphanie,epiphanie.co,athomewithastra,1664431628,0.2145,0.642,bad
7,2022-10-21 11:05:17.701729,Epiphanie,epiphanie.co,athomewithastra,1662645713,0.2195,0.6474,bad
8,2022-10-21 11:05:17.701729,Epiphanie,epiphanie.co,athomewithastra,1662974799,0.2165,0.6427,bad
9,2022-10-21 11:05:17.701729,Epiphanie,epiphanie.co,lexie_byers,1664431557,0.2427,0.7362,bad
10,2022-10-21 11:05:17.701729,Epiphanie,epiphanie.co,lexie_byers,1662645401,0.2383,0.7397,bad
11,2022-10-21 11:05:17.701729,Epiphanie,epiphanie.co,lexie_byers,1662974773,0.2358,0.7388,bad
12,2022-10-21 11:05:17.701729,Epiphanie,epiphanie.co,hautechristian,1662645498,0.030409,0.187116,bad
13,2022-10-21 11:05:17.701729,Epiphanie,epiphanie.co,hautechristian,1662974744,0.030049,0.185496,bad
14,2022-10-21 11:05:17.701729,Epiphanie,epiphanie.co,hautechristian,1664431478,0.033902,0.19091,bad
15,2022-10-21 11:05:17.701729,Epiphanie,epiphanie.co,mypixiedustedlife_,1662975016,0.316,0.8815,normal
16,2022-10-21 11:05:17.701729,Epiphanie,epiphanie.co,mypixiedustedlife_,1662645515,0.3112,0.8814,normal
17,2022-10-21 11:05:17.701729,Epiphanie,epiphanie.co,mypixiedustedlife_,1664431791,0.3136,0.88,normal
18,2022-10-21 11:05:17.701729,Epiphanie,epiphanie.co,proasyavlade,1664431907,0.1434,0.7671,bad
19,2022-10-21 11:05:17.701729,Epiphanie,epiphanie.co,proasyavlade,1662974748,0.1405,0.7619,bad
20,2022-10-21 11:05:17.701729,Epiphanie,epiphanie.co,proasyavlade,1662645548,0.1403,0.755,bad
21,2022-10-21 11:05:17.701729,Epiphanie,epiphanie.co,thedressybostonian,1662646154,0.0824,0.2886,bad
22,2022-10-21 11:05:17.701729,Epiphanie,epiphanie.co,thedressybostonian,1664431912,0.085,0.2932,bad
23,2022-10-21 11:05:17.701729,Epiphanie,epiphanie.co,thedressybostonian,1662974740,0.0827,0.286,bad
24,2022-10-21 11:05:17.701729,Epiphanie,epiphanie.co,christywalton__,1662645558,0.18351,0.660042,bad
25,2022-10-21 11:05:17.701729,Epiphanie,epiphanie.co,christywalton__,1662974738,0.18351,0.660042,bad
26,2022-10-21 11:05:17.701729,Epiphanie,epiphanie.co,christywalton__,1664431602,0.183404,0.660042,bad
27,2022-10-21 11:05:17.701729,Epiphanie,epiphanie.co,blancobungalow,1664431784,0.212709,0.80074,low
28,2022-10-21 11:05:17.701729,Epiphanie,epiphanie.co,blancobungalow,1662975225,0.212709,0.80074,low
29,2022-10-21 11:05:17.701729,Epiphanie,epiphanie.co,blancobungalow,1662645531,0.212709,0.80074,low
30,2022-10-21 11:05:17.701729,Epiphanie,epiphanie.co,soydonn,1662974744,0.1135,0.8528,normal
31,2022-10-21 11:05:17.701729,Epiphanie,epiphanie.co,soydonn,1664431603,0.1129,0.8527,normal
32,2022-10-21 11:05:17.701729,Epiphanie,epiphanie.co,soydonn,1662645690,0.1098,0.8517,normal
33,2022-10-21 11:05:17.701729,Epiphanie,epiphanie.co,falonbrianne,1662974742,0.2551,0.7573,bad
34,2022-10-21 11:05:17.701729,Epiphanie,epiphanie.co,falonbrianne,1664432130,0.2551,0.7545,bad
35,2022-10-21 11:05:17.701729,Epiphanie,epiphanie.co,falonbrianne,1662645717,0.259,0.76,bad
36,2022-10-21 11:05:17.701729,Epiphanie,epiphanie.co,wanderesskriti,1664431701,0.541106,0.843865,low
37,2022-10-21 11:05:17.701729,Epiphanie,epiphanie.co,wanderesskriti,1662974816,0.540698,0.843865,low
38,2022-10-21 11:05:17.701729,Epiphanie,epiphanie.co,wanderesskriti,1662645392,0.540698,0.843865,low
39,2022-10-21 11:05:17.701729,Epiphanie,epiphanie.co,e.stis,1662645707,0.2823,0.7815,bad
40,2022-10-21 11:05:17.701729,Epiphanie,epiphanie.co,e.stis,1664431610,0.2796,0.7853,bad
41,2022-10-21 11:05:17.701729,Epiphanie,epiphanie.co,e.stis,1662975110,0.2794,0.7832,bad
42,2022-10-21 11:05:17.701729,Epiphanie,epiphanie.co,raisingmavericks,1664431798,0.3676,0.8534,normal
43,2022-10-21 11:05:17.701729,Epiphanie,epiphanie.co,raisingmavericks,1662645508,0.3698,0.8493,low
44,2022-10-21 11:05:17.701729,Epiphanie,epiphanie.co,raisingmavericks,1662975071,0.375,0.8564,normal
45,2022-10-21 11:05:17.701729,Epiphanie,epiphanie.co,rina.livinglife,1662974779,0.087612,0.733146,bad
46,2022-10-21 11:05:17.701729,Epiphanie,epiphanie.co,rina.livinglife,1662646058,0.084061,0.733253,bad
47,2022-10-21 11:05:17.701729,Epiphanie,epiphanie.co,rina.livinglife,1664431953,0.083233,0.735843,bad
0,2022-10-21 11:05:17.701729,Epiphanie,epiphanie.co,mamavamerice,1662645498,0.0627,0.7262,bad
0,2022-10-21 11:05:17.701729,Jack Archer,jack.archer,amandane_dance,1662645460,0.0688,0.8153,low
1,2022-10-21 11:05:17.701729,Jack Archer,jack.archer,amandane_dance,1664431702,0.0652,0.8173,low
2,2022-10-21 11:05:17.701729,Jack Archer,jack.archer,amandane_dance,1662975275,0.0674,0.8132,low
3,2022-10-21 11:05:17.701729,Jack Archer,jack.archer,crossfitcub,1662974879,0.381838,0.629103,bad
4,2022-10-21 11:05:17.701729,Jack Archer,jack.archer,crossfitcub,1662645478,0.381838,0.629103,bad
5,2022-10-21 11:05:17.701729,Jack Archer,jack.archer,crossfitcub,1664431787,0.381838,0.628884,bad
6,2022-10-21 11:05:17.701729,Jack Archer,jack.archer,navjotkamal,1662975180,0.2554,0.7816,bad
7,2022-10-21 11:05:17.701729,Jack Archer,jack.archer,navjotkamal,1662645409,0.2607,0.7813,bad
8,2022-10-21 11:05:17.701729,Jack Archer,jack.archer,navjotkamal,1664432085,0.2531,0.778,bad
9,2022-10-21 11:05:17.701729,Jack Archer,jack.archer,joey.gentile,1664431509,0.1944,0.4937,bad
10,2022-10-21 11:05:17.701729,Jack Archer,jack.archer,joey.gentile,1662645357,0.1917,0.4828,bad
11,2022-10-21 11:05:17.701729,Jack Archer,jack.archer,joey.gentile,1662974848,0.1961,0.4955,bad
12,2022-10-21 11:05:17.701729,Jack Archer,jack.archer,berzinsky,1662645504,0.2373,0.7717,bad
13,2022-10-21 11:05:17.701729,Jack Archer,jack.archer,berzinsky,1662974731,0.2305,0.771,bad
14,2022-10-21 11:05:17.701729,Jack Archer,jack.archer,berzinsky,1664431893,0.2375,0.7646,bad
15,2022-10-21 11:05:17.701729,Jack Archer,jack.archer,theregoesjonathan,1664431507,0.1242,0.3039,bad
16,2022-10-21 11:05:17.701729,Jack Archer,jack.archer,theregoesjonathan,1662645374,0.1243,0.3061,bad
17,2022-10-21 11:05:17.701729,Jack Archer,jack.archer,theregoesjonathan,1662975131,0.1221,0.3046,bad
18,2022-10-21 11:05:17.701729,Jack Archer,jack.archer,tylraustin,1662645344,0.4216,0.6269,bad
19,2022-10-21 11:05:17.701729,Jack Archer,jack.archer,tylraustin,1662974898,0.4204,0.6321,bad
20,2022-10-21 11:05:17.701729,Jack Archer,jack.archer,tylraustin,1664431656,0.4218,0.6312,bad
21,2022-10-21 11:05:17.701729,Jack Archer,jack.archer,pool_jet,1664431890,0.0856,0.8645,normal
22,2022-10-21 11:05:17.701729,Jack Archer,jack.archer,pool_jet,1662646041,0.0866,0.8646,normal
23,2022-10-21 11:05:17.701729,Jack Archer,jack.archer,pool_jet,1662974737,0.0817,0.8634,normal
24,2022-10-21 11:05:17.701729,Jack Archer,jack.archer,firstnamejohnson,1662645430,0.4248,0.8361,low
0,2022-10-21 11:05:17.701729,Jack Archer,jack.archer,firstnamejohnson,1662975298,0.4256,0.8348,low
0,2022-10-21 11:05:17.701729,Ecletticos,ecletticos,happilyheatherj,1662645754,0.7039,0.8902,normal
1,2022-10-21 11:05:17.701729,Ecletticos,ecletticos,happilyheatherj,1662974781,0.7053,0.8911,normal
2,2022-10-21 11:05:17.701729,Ecletticos,ecletticos,happilyheatherj,1664431617,0.7025,0.8899,normal
3,2022-10-21 11:05:17.701729,Ecletticos,ecletticos,littlemrsspooner,1664431479,0.25,0.4595,bad
4,2022-10-21 11:05:17.701729,Ecletticos,ecletticos,littlemrsspooner,1662975100,0.2498,0.4563,bad
5,2022-10-21 11:05:17.701729,Ecletticos,ecletticos,littlemrsspooner,1662645645,0.2524,0.4602,bad
6,2022-10-21 11:05:17.701729,Ecletticos,ecletticos,the_vintage_bombshell,1662645610,0.165469,0.752972,bad
7,2022-10-21 11:05:17.701729,Ecletticos,ecletticos,the_vintage_bombshell,1662975339,0.165469,0.752972,bad
8,2022-10-21 11:05:17.701729,Ecletticos,ecletticos,the_vintage_bombshell,1664431640,0.165469,0.752834,bad
9,2022-10-21 11:05:17.701729,Ecletticos,ecletticos,josie_ely,1662645417,0.244,0.4194,bad
10,2022-10-21 11:05:17.701729,Ecletticos,ecletticos,josie_ely,1662974875,0.2461,0.4216,bad
11,2022-10-21 11:05:17.701729,Ecletticos,ecletticos,josie_ely,1664431885,0.2487,0.4227,bad
12,2022-10-21 11:05:17.701729,Ecletticos,ecletticos,sonabonds,1662975145,0.313298,0.680247,bad
13,2022-10-21 11:05:17.701729,Ecletticos,ecletticos,sonabonds,1662645528,0.313298,0.680247,bad
14,2022-10-21 11:05:17.701729,Ecletticos,ecletticos,sonabonds,1664431621,0.313298,0.680247,bad
15,2022-10-21 11:05:17.701729,Ecletticos,ecletticos,theregoesjonathan,1662645345,0.1243,0.3061,bad
16,2022-10-21 11:05:17.701729,Ecletticos,ecletticos,theregoesjonathan,1664431623,0.1242,0.3039,bad
17,2022-10-21 11:05:17.701729,Ecletticos,ecletticos,theregoesjonathan,1662975121,0.1221,0.3046,bad
18,2022-10-21 11:05:17.701729,Ecletticos,ecletticos,mizzerybell,1664431845,0.2776,0.6868,bad
19,2022-10-21 11:05:17.701729,Ecletticos,ecletticos,mizzerybell,1662645791,0.2871,0.6907,bad
20,2022-10-21 11:05:17.701729,Ecletticos,ecletticos,mizzerybell,1662974792,0.2858,0.6894,bad
21,2022-10-21 11:05:17.701729,Ecletticos,ecletticos,soundslikemyexx,1664432219,0.1526,0.91,high
22,2022-10-21 11:05:17.701729,Ecletticos,ecletticos,soundslikemyexx,1662974808,0.158,0.9137,high
23,2022-10-21 11:05:17.701729,Ecletticos,ecletticos,soundslikemyexx,1662645536,0.1568,0.9154,high
24,2022-10-21 11:05:17.701729,Ecletticos,ecletticos,gyda.bell,1664431478,0.0391,0.2502,bad
25,2022-10-21 11:05:17.701729,Ecletticos,ecletticos,gyda.bell,1662645545,0.037,0.2466,bad
26,2022-10-21 11:05:17.701729,Ecletticos,ecletticos,gyda.bell,1662975279,0.0368,0.2428,bad
27,2022-10-21 11:05:17.701729,Ecletticos,ecletticos,big1500_,1664431838,0.436572,0.674601,bad
28,2022-10-21 11:05:17.701729,Ecletticos,ecletticos,big1500_,1662645635,0.436572,0.674601,bad
29,2022-10-21 11:05:17.701729,Ecletticos,ecletticos,big1500_,1662975245,0.436572,0.674601,bad
30,2022-10-21 11:05:17.701729,Ecletticos,ecletticos,e_l_d,1662645744,0.2324,0.7189,bad
31,2022-10-21 11:05:17.701729,Ecletticos,ecletticos,e_l_d,1662974836,0.2321,0.7191,bad
32,2022-10-21 11:05:17.701729,Ecletticos,ecletticos,e_l_d,1664431549,0.2328,0.7183,bad
33,2022-10-21 11:05:17.701729,Ecletticos,ecletticos,lisettejyoga,1662974830,0.2873,0.6675,bad
34,2022-10-21 11:05:17.701729,Ecletticos,ecletticos,lisettejyoga,1664431613,0.294,0.6753,bad
35,2022-10-21 11:05:17.701729,Ecletticos,ecletticos,lisettejyoga,1662645669,0.2896,0.6732,bad
36,2022-10-21 11:05:17.701729,Ecletticos,ecletticos,kimberlie.kathleen,1662646011,0.5484,0.7194,bad
37,2022-10-21 11:05:17.701729,Ecletticos,ecletticos,kimberlie.kathleen,1664431822,0.5507,0.719,bad
38,2022-10-21 11:05:17.701729,Ecletticos,ecletticos,kimberlie.kathleen,1662974840,0.5513,0.7237,bad
39,2022-10-21 11:05:17.701729,Ecletticos,ecletticos,satisfylagoon,1664431864,0.1381,0.7357,bad
40,2022-10-21 11:05:17.701729,Ecletticos,ecletticos,satisfylagoon,1662974792,0.141,0.7342,bad
41,2022-10-21 11:05:17.701729,Ecletticos,ecletticos,satisfylagoon,1662645663,0.1422,0.7395,bad
42,2022-10-21 11:05:17.701729,Ecletticos,ecletticos,aryyzona,1662974735,0.258,0.7899,bad
43,2022-10-21 11:05:17.701729,Ecletticos,ecletticos,aryyzona,1662645893,0.2586,0.7851,bad
44,2022-10-21 11:05:17.701729,Ecletticos,ecletticos,aryyzona,1664431616,0.2514,0.7966,bad
45,2022-10-21 11:05:17.701729,Ecletticos,ecletticos,avaireland729,1662974791,0.0736,0.4241,bad
46,2022-10-21 11:05:17.701729,Ecletticos,ecletticos,avaireland729,1664431764,0.0781,0.4297,bad
47,2022-10-21 11:05:17.701729,Ecletticos,ecletticos,avaireland729,1662645672,0.0792,0.4361,bad
48,2022-10-21 11:05:17.701729,Ecletticos,ecletticos,jessicabmathie,1662975085,0.385534,0.735236,bad
49,2022-10-21 11:05:17.701729,Ecletticos,ecletticos,jessicabmathie,1664431827,0.384871,0.735014,bad
0,2022-10-21 11:05:17.701729,Ecletticos,ecletticos,jessicabmathie,1662645825,0.385645,0.735236,bad
0,2022-10-21 11:05:17.701729,Necklow,necklowco,labor_nurse_christina,1664431724,0.1504,0.8491,low
1,2022-10-21 11:05:17.701729,Necklow,necklowco,labor_nurse_christina,1662975151,0.1499,0.8503,normal
2,2022-10-21 11:05:17.701729,Necklow,necklowco,labor_nurse_christina,1662645604,0.1511,0.8488,low
3,2022-10-21 11:05:17.701729,Necklow,necklowco,raisa.bullard,1662645430,0.2123,0.8303,low
4,2022-10-21 11:05:17.701729,Necklow,necklowco,raisa.bullard,1662975031,0.2163,0.8252,low
5,2022-10-21 11:05:17.701729,Necklow,necklowco,raisa.bullard,1664432388,0.2208,0.8299,low
6,2022-10-21 11:05:17.701729,Necklow,necklowco,happilyheatherj,1662974754,0.7053,0.8911,normal
7,2022-10-21 11:05:17.701729,Necklow,necklowco,happilyheatherj,1662646397,0.7039,0.8902,normal
8,2022-10-21 11:05:17.701729,Necklow,necklowco,happilyheatherj,1664431454,0.7025,0.8899,normal
9,2022-10-21 11:05:17.701729,Necklow,necklowco,unlimitedleezy,1662974768,0.1195,0.331,bad
10,2022-10-21 11:05:17.701729,Necklow,necklowco,unlimitedleezy,1664431815,0.1146,0.3272,bad
11,2022-10-21 11:05:17.701729,Necklow,necklowco,unlimitedleezy,1662645927,0.1222,0.3322,bad
12,2022-10-21 11:05:17.701729,Necklow,necklowco,gods2lit,1662645375,0.0551,0.5257,bad
13,2022-10-21 11:05:17.701729,Necklow,necklowco,gods2lit,1664431496,0.0548,0.5278,bad
14,2022-10-21 11:05:17.701729,Necklow,necklowco,gods2lit,1662974788,0.0539,0.5194,bad
15,2022-10-21 11:05:17.701729,Necklow,necklowco,iamnancyjay,1662974754,0.195,0.6792,bad
16,2022-10-21 11:05:17.701729,Necklow,necklowco,iamnancyjay,1662645746,0.1904,0.6786,bad
17,2022-10-21 11:05:17.701729,Necklow,necklowco,iamnancyjay,1664431725,0.1957,0.6732,bad
18,2022-10-21 11:05:17.701729,Necklow,necklowco,lynnloheide,1664431828,0.2726,0.7232,bad
19,2022-10-21 11:05:17.701729,Necklow,necklowco,lynnloheide,1662974784,0.276,0.7163,bad
20,2022-10-21 11:05:17.701729,Necklow,necklowco,lynnloheide,1662645465,0.2736,0.7207,bad
21,2022-10-21 11:05:17.701729,Necklow,necklowco,sonabonds,1664431668,0.313298,0.680247,bad
22,2022-10-21 11:05:17.701729,Necklow,necklowco,sonabonds,1662974763,0.313298,0.680247,bad
23,2022-10-21 11:05:17.701729,Necklow,necklowco,sonabonds,1662646268,0.313298,0.680247,bad
24,2022-10-21 11:05:17.701729,Necklow,necklowco,patrianasonia,1662646339,0.3918,0.7886,bad
25,2022-10-21 11:05:17.701729,Necklow,necklowco,patrianasonia,1664431880,0.3875,0.7916,bad
26,2022-10-21 11:05:17.701729,Necklow,necklowco,patrianasonia,1662974824,0.388,0.7936,bad
27,2022-10-21 11:05:17.701729,Necklow,necklowco,gyda.bell,1664431445,0.0391,0.2502,bad
28,2022-10-21 11:05:17.701729,Necklow,necklowco,gyda.bell,1662974787,0.0368,0.2428,bad
29,2022-10-21 11:05:17.701729,Necklow,necklowco,gyda.bell,1662645366,0.037,0.2466,bad
30,2022-10-21 11:05:17.701729,Necklow,necklowco,big1500_,1664431675,0.436572,0.674601,bad
31,2022-10-21 11:05:17.701729,Necklow,necklowco,big1500_,1662975183,0.436572,0.674601,bad
32,2022-10-21 11:05:17.701729,Necklow,necklowco,big1500_,1662645393,0.436572,0.674601,bad
33,2022-10-21 11:05:17.701729,Necklow,necklowco,e_l_d,1662974754,0.2321,0.7191,bad
34,2022-10-21 11:05:17.701729,Necklow,necklowco,e_l_d,1664431439,0.2328,0.7183,bad
35,2022-10-21 11:05:17.701729,Necklow,necklowco,e_l_d,1662645720,0.2324,0.7189,bad
36,2022-10-21 11:05:17.701729,Necklow,necklowco,peedi_c,1662645841,0.3093,0.5839,bad
37,2022-10-21 11:05:17.701729,Necklow,necklowco,peedi_c,1664431677,0.3103,0.581,bad
38,2022-10-21 11:05:17.701729,Necklow,necklowco,peedi_c,1662974792,0.3074,0.5811,bad
39,2022-10-21 11:05:17.701729,Necklow,necklowco,itsambaslife,1664431429,0.1644,0.8755,normal
40,2022-10-21 11:05:17.701729,Necklow,necklowco,itsambaslife,1662645508,0.1598,0.8765,normal
41,2022-10-21 11:05:17.701729,Necklow,necklowco,itsambaslife,1662974784,0.1619,0.8779,normal
42,2022-10-21 11:05:17.701729,Necklow,necklowco,imara.grant,1662645451,0.47,0.7317,bad
43,2022-10-21 11:05:17.701729,Necklow,necklowco,imara.grant,1662974788,0.4687,0.7347,bad
44,2022-10-21 11:05:17.701729,Necklow,necklowco,imara.grant,1664431627,0.4685,0.7298,bad
45,2022-10-21 11:05:17.701729,Necklow,necklowco,kimberlie.kathleen,1664431905,0.5507,0.719,bad
46,2022-10-21 11:05:17.701729,Necklow,necklowco,kimberlie.kathleen,1662975034,0.5513,0.7237,bad
47,2022-10-21 11:05:17.701729,Necklow,necklowco,kimberlie.kathleen,1662645716,0.5484,0.7194,bad
48,2022-10-21 11:05:17.701729,Necklow,necklowco,cecilialhoward,1662974758,0.2028,0.4838,bad
49,2022-10-21 11:05:17.701729,Necklow,necklowco,cecilialhoward,1662646371,0.2063,0.4846,bad
50,2022-10-21 11:05:17.701729,Necklow,necklowco,cecilialhoward,1664431801,0.2073,0.4832,bad
51,2022-10-21 11:05:17.701729,Necklow,necklowco,txylorwillixms,1662974786,0.225734,0.805425,low
52,2022-10-21 11:05:17.701729,Necklow,necklowco,txylorwillixms,1664431437,0.225734,0.805425,low
53,2022-10-21 11:05:17.701729,Necklow,necklowco,txylorwillixms,1662645784,0.225734,0.805425,low
54,2022-10-21 11:05:17.701729,Necklow,necklowco,justbeingmelani,1662975149,0.123179,0.781875,bad
55,2022-10-21 11:05:17.701729,Necklow,necklowco,justbeingmelani,1664431802,0.122925,0.782517,bad
56,2022-10-21 11:05:17.701729,Necklow,necklowco,justbeingmelani,1662645473,0.123089,0.784493,bad
57,2022-10-21 11:05:17.701729,Necklow,necklowco,katiexfelton,1664431672,0.1083,0.4272,bad
58,2022-10-21 11:05:17.701729,Necklow,necklowco,katiexfelton,1662645591,0.0979,0.4281,bad
59,2022-10-21 11:05:17.701729,Necklow,necklowco,katiexfelton,1662974789,0.1007,0.4327,bad
60,2022-10-21 11:05:17.701729,Necklow,necklowco,lillyjbennett,1662645466,0.2099,0.7942,bad
61,2022-10-21 11:05:17.701729,Necklow,necklowco,lillyjbennett,1664431435,0.2061,0.7951,bad
62,2022-10-21 11:05:17.701729,Necklow,necklowco,lillyjbennett,1662974786,0.2073,0.7948,bad
63,2022-10-21 11:05:17.701729,Necklow,necklowco,stylishpharmacist,1662974755,0.4799,0.7773,bad
64,2022-10-21 11:05:17.701729,Necklow,necklowco,stylishpharmacist,1664431506,0.4777,0.7746,bad
65,2022-10-21 11:05:17.701729,Necklow,necklowco,stylishpharmacist,1662645931,0.4771,0.7767,bad
66,2022-10-21 11:05:17.701729,Necklow,necklowco,tasneemmahmoodd,1662645709,0.183857,0.65426,bad
67,2022-10-21 11:05:17.701729,Necklow,necklowco,tasneemmahmoodd,1662974789,0.183857,0.65426,bad
68,2022-10-21 11:05:17.701729,Necklow,necklowco,tasneemmahmoodd,1664431626,0.183857,0.65426,bad
69,2022-10-21 11:05:17.701729,Necklow,necklowco,avaireland729,1664431668,0.0781,0.4297,bad
70,2022-10-21 11:05:17.701729,Necklow,necklowco,avaireland729,1662645423,0.0792,0.4361,bad
0,2022-10-21 11:05:17.701729,Necklow,necklowco,avaireland729,1662975091,0.0736,0.4241,bad
0,2022-10-21 11:05:17.701729,Beauty Melanin,beauty_melanin_,christinadahlmusic,1664431704,0.2746,0.4222,bad
1,2022-10-21 11:05:17.701729,Beauty Melanin,beauty_melanin_,christinadahlmusic,1662645855,0.2739,0.4173,bad
2,2022-10-21 11:05:17.701729,Beauty Melanin,beauty_melanin_,christinadahlmusic,1662975306,0.2756,0.4252,bad
3,2022-10-21 11:05:17.701729,Beauty Melanin,beauty_melanin_,itsthedonjordan,1662975315,0.4636,0.7765,bad
4,2022-10-21 11:05:17.701729,Beauty Melanin,beauty_melanin_,itsthedonjordan,1662645418,0.4656,0.7702,bad
5,2022-10-21 11:05:17.701729,Beauty Melanin,beauty_melanin_,itsthedonjordan,1664432559,0.4623,0.7752,bad
6,2022-10-21 11:05:17.701729,Beauty Melanin,beauty_melanin_,meant2beaaa,1662974867,0.0068,0.0962,bad
7,2022-10-21 11:05:17.701729,Beauty Melanin,beauty_melanin_,meant2beaaa,1664432409,0.0071,0.0958,bad
8,2022-10-21 11:05:17.701729,Beauty Melanin,beauty_melanin_,meant2beaaa,1662646235,0.0067,0.0983,bad
9,2022-10-21 11:05:17.701729,Beauty Melanin,beauty_melanin_,dinofresh.official,1662974773,0.110894,0.645549,bad
10,2022-10-21 11:05:17.701729,Beauty Melanin,beauty_melanin_,dinofresh.official,1664431769,0.111077,0.644986,bad
11,2022-10-21 11:05:17.701729,Beauty Melanin,beauty_melanin_,dinofresh.official,1662645957,0.111683,0.644159,bad
12,2022-10-21 11:05:17.701729,Beauty Melanin,beauty_melanin_,imara.grant,1662645904,0.47,0.7317,bad
13,2022-10-21 11:05:17.701729,Beauty Melanin,beauty_melanin_,imara.grant,1664431870,0.4685,0.7298,bad
14,2022-10-21 11:05:17.701729,Beauty Melanin,beauty_melanin_,imara.grant,1662975192,0.4687,0.7347,bad
15,2022-10-21 11:05:17.701729,Beauty Melanin,beauty_melanin_,amma.agyei,1662645397,0.552422,0.81571,low
16,2022-10-21 11:05:17.701729,Beauty Melanin,beauty_melanin_,amma.agyei,1664431836,0.552422,0.815597,low
17,2022-10-21 11:05:17.701729,Beauty Melanin,beauty_melanin_,amma.agyei,1662975218,0.552422,0.815597,low
18,2022-10-21 11:05:17.701729,Beauty Melanin,beauty_melanin_,callaqhill,1662975113,0.521287,0.815513,low
19,2022-10-21 11:05:17.701729,Beauty Melanin,beauty_melanin_,callaqhill,1662646047,0.521287,0.815513,low
20,2022-10-21 11:05:17.701729,Beauty Melanin,beauty_melanin_,callaqhill,1664431544,0.521287,0.815405,low
21,2022-10-21 11:05:17.701729,Beauty Melanin,beauty_melanin_,mskaimichelle,1662645971,0.566844,0.806529,low
22,2022-10-21 11:05:17.701729,Beauty Melanin,beauty_melanin_,mskaimichelle,1664431709,0.566844,0.806529,low
23,2022-10-21 11:05:17.701729,Beauty Melanin,beauty_melanin_,mskaimichelle,1662975258,0.566844,0.806529,low
24,2022-10-21 11:05:17.701729,Beauty Melanin,beauty_melanin_,vivid_dunya,1662645755,0.332621,0.752673,bad
25,2022-10-21 11:05:17.701729,Beauty Melanin,beauty_melanin_,vivid_dunya,1662975194,0.332621,0.752435,bad
26,2022-10-21 11:05:17.701729,Beauty Melanin,beauty_melanin_,vivid_dunya,1664431461,0.332621,0.752435,bad
27,2022-10-21 11:05:17.701729,Beauty Melanin,beauty_melanin_,bpeppersart,1664431850,0.2774,0.7857,bad
28,2022-10-21 11:05:17.701729,Beauty Melanin,beauty_melanin_,bpeppersart,1662645757,0.2775,0.7823,bad
29,2022-10-21 11:05:17.701729,Beauty Melanin,beauty_melanin_,bpeppersart,1662975326,0.2803,0.7842,bad
30,2022-10-21 11:05:17.701729,Beauty Melanin,beauty_melanin_,tukidailyshow,1664432117,0.0083,0.1,bad
31,2022-10-21 11:05:17.701729,Beauty Melanin,beauty_melanin_,tukidailyshow,1662975310,0.0095,0.1081,bad
32,2022-10-21 11:05:17.701729,Beauty Melanin,beauty_melanin_,tukidailyshow,1662645472,0.0096,0.1047,bad
33,2022-10-21 11:05:17.701729,Beauty Melanin,beauty_melanin_,soogabooga,1662975173,0.2966,0.7755,bad
34,2022-10-21 11:05:17.701729,Beauty Melanin,beauty_melanin_,soogabooga,1662645522,0.2996,0.7754,bad
35,2022-10-21 11:05:17.701729,Beauty Melanin,beauty_melanin_,soogabooga,1664431703,0.2982,0.7779,bad
36,2022-10-21 11:05:17.701729,Beauty Melanin,beauty_melanin_,iice.amber,1664431536,0.4328,0.8024,low
37,2022-10-21 11:05:17.701729,Beauty Melanin,beauty_melanin_,iice.amber,1662975347,0.4327,0.8017,low
38,2022-10-21 11:05:17.701729,Beauty Melanin,beauty_melanin_,iice.amber,1662646244,0.4295,0.8019,low
39,2022-10-21 11:05:17.701729,Beauty Melanin,beauty_melanin_,theankitaagrawal,1662975261,0.1361,0.3516,bad
40,2022-10-21 11:05:17.701729,Beauty Melanin,beauty_melanin_,theankitaagrawal,1662645764,0.1385,0.3472,bad
0,2022-10-21 11:05:17.701729,Beauty Melanin,beauty_melanin_,theankitaagrawal,1664432416,0.1337,0.3497,bad
0,2022-10-21 11:05:17.701729,Hereafter,from_hereafter,christinadahlmusic,1662974934,0.2756,0.4252,bad
1,2022-10-21 11:05:17.701729,Hereafter,from_hereafter,christinadahlmusic,1662645818,0.2739,0.4173,bad
2,2022-10-21 11:05:17.701729,Hereafter,from_hereafter,christinadahlmusic,1664431544,0.2746,0.4222,bad
3,2022-10-21 11:05:17.701729,Hereafter,from_hereafter,lanchaic,1662975220,0.6663,0.8823,normal
4,2022-10-21 11:05:17.701729,Hereafter,from_hereafter,lanchaic,1664431869,0.6694,0.8824,normal
5,2022-10-21 11:05:17.701729,Hereafter,from_hereafter,lanchaic,1662645951,0.6699,0.8806,normal
6,2022-10-21 11:05:17.701729,Hereafter,from_hereafter,kaymcre,1663087029,0.2863,0.5165,bad
7,2022-10-21 11:05:17.701729,Hereafter,from_hereafter,kaymcre,1664431567,0.288,0.5194,bad
8,2022-10-21 11:05:17.701729,Hereafter,from_hereafter,ashleynelltipton,1662975322,0.1656,0.6927,bad
9,2022-10-21 11:05:17.701729,Hereafter,from_hereafter,ashleynelltipton,1662645381,0.1665,0.689,bad
10,2022-10-21 11:05:17.701729,Hereafter,from_hereafter,ashleynelltipton,1664431640,0.1749,0.6884,bad
11,2022-10-21 11:05:17.701729,Hereafter,from_hereafter,the_vintage_bombshell,1664431721,0.165469,0.752834,bad
12,2022-10-21 11:05:17.701729,Hereafter,from_hereafter,the_vintage_bombshell,1662975303,0.165469,0.752972,bad
13,2022-10-21 11:05:17.701729,Hereafter,from_hereafter,the_vintage_bombshell,1662646317,0.165469,0.752972,bad
14,2022-10-21 11:05:17.701729,Hereafter,from_hereafter,oxmxl,1664431632,0.2371,0.6327,bad
15,2022-10-21 11:05:17.701729,Hereafter,from_hereafter,oxmxl,1662646263,0.2374,0.6327,bad
16,2022-10-21 11:05:17.701729,Hereafter,from_hereafter,oxmxl,1662974747,0.235,0.6332,bad
17,2022-10-21 11:05:17.701729,Hereafter,from_hereafter,mel77wa,1662646031,0.2355,0.5339,bad
18,2022-10-21 11:05:17.701729,Hereafter,from_hereafter,mel77wa,1664431777,0.2394,0.5308,bad
19,2022-10-21 11:05:17.701729,Hereafter,from_hereafter,mel77wa,1662974771,0.2379,0.537,bad
20,2022-10-21 11:05:17.701729,Hereafter,from_hereafter,momentswithmellissa,1664432004,0.31,0.8025,low
21,2022-10-21 11:05:17.701729,Hereafter,from_hereafter,momentswithmellissa,1662974826,0.3222,0.8071,low
22,2022-10-21 11:05:17.701729,Hereafter,from_hereafter,momentswithmellissa,1662646114,0.317,0.8,low
23,2022-10-21 11:05:17.701729,Hereafter,from_hereafter,_natalii3,1662974924,0.2118,0.4686,bad
24,2022-10-21 11:05:17.701729,Hereafter,from_hereafter,_natalii3,1664431509,0.2155,0.4732,bad
25,2022-10-21 11:05:17.701729,Hereafter,from_hereafter,_natalii3,1662645760,0.21,0.4715,bad
26,2022-10-21 11:05:17.701729,Hereafter,from_hereafter,kimreed930,1664431721,0.064,0.1357,bad
27,2022-10-21 11:05:17.701729,Hereafter,from_hereafter,kimreed930,1662645528,0.0577,0.1339,bad
28,2022-10-21 11:05:17.701729,Hereafter,from_hereafter,kimreed930,1662975204,0.0619,0.1398,bad
29,2022-10-21 11:05:17.701729,Hereafter,from_hereafter,just_janci,1664431766,0.1878,0.3755,bad
30,2022-10-21 11:05:17.701729,Hereafter,from_hereafter,just_janci,1662646253,0.1856,0.3815,bad
31,2022-10-21 11:05:17.701729,Hereafter,from_hereafter,just_janci,1662974783,0.1951,0.3835,bad
32,2022-10-21 11:05:17.701729,Hereafter,from_hereafter,megan_bair,1662975333,0.547457,0.796866,bad
33,2022-10-21 11:05:17.701729,Hereafter,from_hereafter,megan_bair,1662645659,0.547457,0.796866,bad
34,2022-10-21 11:05:17.701729,Hereafter,from_hereafter,megan_bair,1664431739,0.547457,0.796718,bad
35,2022-10-21 11:05:17.701729,Hereafter,from_hereafter,liveloveprojects,1662974744,0.13125,0.86875,normal
36,2022-10-21 11:05:17.701729,Hereafter,from_hereafter,liveloveprojects,1664431815,0.13125,0.86875,normal
37,2022-10-21 11:05:17.701729,Hereafter,from_hereafter,liveloveprojects,1662645771,0.13125,0.86875,normal
38,2022-10-21 11:05:17.701729,Hereafter,from_hereafter,haleymarie666,1664431429,0.218547,0.634968,bad
39,2022-10-21 11:05:17.701729,Hereafter,from_hereafter,haleymarie666,1662646276,0.218547,0.634968,bad
40,2022-10-21 11:05:17.701729,Hereafter,from_hereafter,haleymarie666,1662974802,0.218547,0.634968,bad
41,2022-10-21 11:05:17.701729,Hereafter,from_hereafter,darlingstrong,1664431659,0.1451,0.5205,bad
42,2022-10-21 11:05:17.701729,Hereafter,from_hereafter,darlingstrong,1662974836,0.1446,0.5252,bad
43,2022-10-21 11:05:17.701729,Hereafter,from_hereafter,darlingstrong,1662645585,0.1409,0.5218,bad
44,2022-10-21 11:05:17.701729,Hereafter,from_hereafter,kclynnmusic,1664431562,0.277187,0.777596,bad
45,2022-10-21 11:05:17.701729,Hereafter,from_hereafter,kclynnmusic,1663156732,0.277187,0.777596,bad
46,2022-10-21 11:05:17.701729,Hereafter,from_hereafter,livingwithjackie_,1662974802,0.3584,0.7245,bad
47,2022-10-21 11:05:17.701729,Hereafter,from_hereafter,livingwithjackie_,1662645439,0.3572,0.7214,bad
48,2022-10-21 11:05:17.701729,Hereafter,from_hereafter,livingwithjackie_,1664431735,0.3588,0.7303,bad
49,2022-10-21 11:05:17.701729,Hereafter,from_hereafter,officialmsharper,1662645870,0.3102,0.5462,bad
50,2022-10-21 11:05:17.701729,Hereafter,from_hereafter,officialmsharper,1662974949,0.3128,0.5421,bad
51,2022-10-21 11:05:17.701729,Hereafter,from_hereafter,officialmsharper,1664431781,0.3142,0.545,bad
52,2022-10-21 11:05:17.701729,Hereafter,from_hereafter,sofi.s_mommy_world,1662974762,0.5269,0.7187,bad
53,2022-10-21 11:05:17.701729,Hereafter,from_hereafter,sofi.s_mommy_world,1662645754,0.5276,0.7166,bad
54,2022-10-21 11:05:17.701729,Hereafter,from_hereafter,sofi.s_mommy_world,1664431540,0.5264,0.7192,bad
55,2022-10-21 11:05:17.701729,Hereafter,from_hereafter,patrianasonia,1662974943,0.388,0.7936,bad
56,2022-10-21 11:05:17.701729,Hereafter,from_hereafter,patrianasonia,1662645399,0.3918,0.7886,bad
57,2022-10-21 11:05:17.701729,Hereafter,from_hereafter,patrianasonia,1664431518,0.3875,0.7916,bad
58,2022-10-21 11:05:17.701729,Hereafter,from_hereafter,gyda.bell,1664431782,0.0391,0.2502,bad
59,2022-10-21 11:05:17.701729,Hereafter,from_hereafter,gyda.bell,1662645760,0.037,0.2466,bad
60,2022-10-21 11:05:17.701729,Hereafter,from_hereafter,gyda.bell,1662974757,0.0368,0.2428,bad
61,2022-10-21 11:05:17.701729,Hereafter,from_hereafter,amanda.bloomquist,1662646050,0.2032,0.8093,low
62,2022-10-21 11:05:17.701729,Hereafter,from_hereafter,amanda.bloomquist,1662974903,0.1948,0.8052,low
63,2022-10-21 11:05:17.701729,Hereafter,from_hereafter,amanda.bloomquist,1664431755,0.2016,0.8099,low
64,2022-10-21 11:05:17.701729,Hereafter,from_hereafter,harpergraemusic,1662645508,0.1327,0.4239,bad
65,2022-10-21 11:05:17.701729,Hereafter,from_hereafter,harpergraemusic,1664431727,0.1306,0.4241,bad
66,2022-10-21 11:05:17.701729,Hereafter,from_hereafter,harpergraemusic,1662974993,0.1383,0.4265,bad
67,2022-10-21 11:05:17.701729,Hereafter,from_hereafter,thechloebeth,1662645791,0.2154,0.6373,bad
68,2022-10-21 11:05:17.701729,Hereafter,from_hereafter,thechloebeth,1664431547,0.2169,0.6413,bad
69,2022-10-21 11:05:17.701729,Hereafter,from_hereafter,thechloebeth,1662974750,0.2161,0.6475,bad
70,2022-10-21 11:05:17.701729,Hereafter,from_hereafter,_lunita,1664431479,0.4009,0.7128,bad
71,2022-10-21 11:05:17.701729,Hereafter,from_hereafter,_lunita,1663087017,0.3954,0.7122,bad
72,2022-10-21 11:05:17.701729,Hereafter,from_hereafter,sally_belhaj,1662975231,0.527644,0.842133,low
73,2022-10-21 11:05:17.701729,Hereafter,from_hereafter,sally_belhaj,1664431544,0.527822,0.841956,low
74,2022-10-21 11:05:17.701729,Hereafter,from_hereafter,sally_belhaj,1662645798,0.527644,0.842133,low
75,2022-10-21 11:05:17.701729,Hereafter,from_hereafter,raleighlilith,1662646070,0.1537,0.7791,bad
76,2022-10-21 11:05:17.701729,Hereafter,from_hereafter,raleighlilith,1664431520,0.1526,0.7757,bad
77,2022-10-21 11:05:17.701729,Hereafter,from_hereafter,raleighlilith,1662974962,0.155,0.7679,bad
78,2022-10-21 11:05:17.701729,Hereafter,from_hereafter,sarahjpreston,1664431716,0.27137,0.547436,bad
79,2022-10-21 11:05:17.701729,Hereafter,from_hereafter,sarahjpreston,1662645519,0.27125,0.547556,bad
80,2022-10-21 11:05:17.701729,Hereafter,from_hereafter,sarahjpreston,1662974731,0.27137,0.547676,bad
81,2022-10-21 11:05:17.701729,Hereafter,from_hereafter,miixeddoll,1664431527,0.3511,0.7179,bad
82,2022-10-21 11:05:17.701729,Hereafter,from_hereafter,miixeddoll,1662646215,0.3538,0.7234,bad
83,2022-10-21 11:05:17.701729,Hereafter,from_hereafter,miixeddoll,1662974736,0.3399,0.7134,bad
84,2022-10-21 11:05:17.701729,Hereafter,from_hereafter,jamieeastonn,1662975240,0.2299,0.7365,bad
85,2022-10-21 11:05:17.701729,Hereafter,from_hereafter,jamieeastonn,1664431734,0.2322,0.7376,bad
86,2022-10-21 11:05:17.701729,Hereafter,from_hereafter,jamieeastonn,1662645464,0.2303,0.7378,bad
87,2022-10-21 11:05:17.701729,Hereafter,from_hereafter,ofc.gaines_,1662974910,0.1124,0.7329,bad
88,2022-10-21 11:05:17.701729,Hereafter,from_hereafter,ofc.gaines_,1664431836,0.1154,0.7233,bad
89,2022-10-21 11:05:17.701729,Hereafter,from_hereafter,ofc.gaines_,1662645832,0.1134,0.7254,bad
90,2022-10-21 11:05:17.701729,Hereafter,from_hereafter,positivelyprimary,1662645709,0.260712,0.859477,normal
91,2022-10-21 11:05:17.701729,Hereafter,from_hereafter,positivelyprimary,1664431523,0.260893,0.859659,normal
92,2022-10-21 11:05:17.701729,Hereafter,from_hereafter,positivelyprimary,1662974917,0.260712,0.859477,normal
93,2022-10-21 11:05:17.701729,Hereafter,from_hereafter,london_dayy,1662646406,0.159,0.3266,bad
94,2022-10-21 11:05:17.701729,Hereafter,from_hereafter,london_dayy,1664431459,0.1621,0.3227,bad
95,2022-10-21 11:05:17.701729,Hereafter,from_hereafter,london_dayy,1662974803,0.1638,0.3327,bad
96,2022-10-21 11:05:17.701729,Hereafter,from_hereafter,lifewiththe_fellers,1662974746,0.609185,0.903234,high
97,2022-10-21 11:05:17.701729,Hereafter,from_hereafter,lifewiththe_fellers,1664432375,0.609444,0.902975,high
98,2022-10-21 11:05:17.701729,Hereafter,from_hereafter,lifewiththe_fellers,1662645686,0.609056,0.903622,high
99,2022-10-21 11:05:17.701729,Hereafter,from_hereafter,brandsbybravo,1664431644,0.1292,0.8094,low
100,2022-10-21 11:05:17.701729,Hereafter,from_hereafter,brandsbybravo,1662975269,0.1258,0.8068,low
101,2022-10-21 11:05:17.701729,Hereafter,from_hereafter,brandsbybravo,1662646182,0.1309,0.8085,low
102,2022-10-21 11:05:17.701729,Hereafter,from_hereafter,brookegriffin.fit,1664431547,0.292056,0.7577,bad
103,2022-10-21 11:05:17.701729,Hereafter,from_hereafter,brookegriffin.fit,1662974862,0.292056,0.757825,bad
104,2022-10-21 11:05:17.701729,Hereafter,from_hereafter,brookegriffin.fit,1662645999,0.292056,0.757825,bad
105,2022-10-21 11:05:17.701729,Hereafter,from_hereafter,r4review,1662974939,0.1005,0.157,bad
106,2022-10-21 11:05:17.701729,Hereafter,from_hereafter,r4review,1662645357,0.0992,0.1613,bad
107,2022-10-21 11:05:17.701729,Hereafter,from_hereafter,r4review,1664431514,0.0979,0.1562,bad
108,2022-10-21 11:05:17.701729,Hereafter,from_hereafter,ferfloresoficial,1662974792,0.1006,0.8423,low
109,2022-10-21 11:05:17.701729,Hereafter,from_hereafter,ferfloresoficial,1662646005,0.1094,0.8467,low
110,2022-10-21 11:05:17.701729,Hereafter,from_hereafter,ferfloresoficial,1664431523,0.1088,0.8537,normal
111,2022-10-21 11:05:17.701729,Hereafter,from_hereafter,erikachristiansen,1662646128,0.244624,0.81362,low
112,2022-10-21 11:05:17.701729,Hereafter,from_hereafter,erikachristiansen,1662975292,0.244624,0.81362,low
113,2022-10-21 11:05:17.701729,Hereafter,from_hereafter,erikachristiansen,1664432512,0.244624,0.81362,low
114,2022-10-21 11:05:17.701729,Hereafter,from_hereafter,k_and_l_asl,1664431873,0.05502,0.80098,low
115,2022-10-21 11:05:17.701729,Hereafter,from_hereafter,k_and_l_asl,1662975271,0.05502,0.80098,low
116,2022-10-21 11:05:17.701729,Hereafter,from_hereafter,k_and_l_asl,1662646082,0.05502,0.80098,low
117,2022-10-21 11:05:17.701729,Hereafter,from_hereafter,marisellabella,1662974820,0.12,0.814,low
118,2022-10-21 11:05:17.701729,Hereafter,from_hereafter,marisellabella,1664432469,0.1234,0.8137,low
119,2022-10-21 11:05:17.701729,Hereafter,from_hereafter,marisellabella,1662646185,0.1271,0.8148,low
120,2022-10-21 11:05:17.701729,Hereafter,from_hereafter,goodboy_zax,1662646152,0.3275,0.8972,normal
121,2022-10-21 11:05:17.701729,Hereafter,from_hereafter,goodboy_zax,1664431779,0.3246,0.8963,normal
122,2022-10-21 11:05:17.701729,Hereafter,from_hereafter,goodboy_zax,1662975243,0.3234,0.8912,normal
123,2022-10-21 11:05:17.701729,Hereafter,from_hereafter,raisingthewildboys,1664431516,0.549211,0.87626,normal
124,2022-10-21 11:05:17.701729,Hereafter,from_hereafter,raisingthewildboys,1662974911,0.549101,0.87648,normal
125,2022-10-21 11:05:17.701729,Hereafter,from_hereafter,raisingthewildboys,1662645900,0.548882,0.876699,normal
126,2022-10-21 11:05:17.701729,Hereafter,from_hereafter,silver.e,1662974892,,0.88,normal
127,2022-10-21 11:05:17.701729,Hereafter,from_hereafter,silver.e,1662645987,,0.88,normal
128,2022-10-21 11:05:17.701729,Hereafter,from_hereafter,silver.e,1664432030,,0.88,normal
129,2022-10-21 11:05:17.701729,Hereafter,from_hereafter,ashakosh,1662974826,0.3775,0.6647,bad
130,2022-10-21 11:05:17.701729,Hereafter,from_hereafter,ashakosh,1664431736,0.3792,0.6581,bad
131,2022-10-21 11:05:17.701729,Hereafter,from_hereafter,ashakosh,1662645578,0.389,0.6622,bad
0,2022-10-21 11:05:17.701729,Hereafter,from_hereafter,catfiig,1662645650,0.362637,0.859141,normal
